Date;Close
01.01.2014;1.24
02.01.2014;1.24
03.01.2014;1.23
06.01.2014;1.23
07.01.2014;1.23
08.01.2014;1.24
09.01.2014;1.26
10.01.2014;1.25
13.01.2014;1.24
14.01.2014;1.23
15.01.2014;1.23
16.01.2014;1.23
17.01.2014;1.23
20.01.2014;1.24
21.01.2014;1.24
22.01.2014;1.23
23.01.2014;1.23
24.01.2014;1.23
27.01.2014;1.22
28.01.2014;1.21
29.01.2014;1.21
30.01.2014;1.21
31.01.2014;1.21
03.02.2014;1.19
04.02.2014;1.19
05.02.2014;1.19
06.02.2014;1.2
07.02.2014;1.2
10.02.2014;1.19
11.02.2014;1.19
12.02.2014;1.2
13.02.2014;1.19
14.02.2014;1.19
17.02.2014;1.2
18.02.2014;1.21
19.02.2014;1.2
20.02.2014;1.2
21.02.2014;1.2
24.02.2014;1.22
25.02.2014;1.21
26.02.2014;1.19
27.02.2014;1.19
28.02.2014;1.21
03.03.2014;1.17
04.03.2014;1.19
05.03.2014;1.19
06.03.2014;1.21
07.03.2014;1.2
10.03.2014;1.19
11.03.2014;1.19
12.03.2014;1.19
13.03.2014;1.19
14.03.2014;1.17
17.03.2014;1.21
18.03.2014;1.21
19.03.2014;1.2
20.03.2014;1.21
21.03.2014;1.24
24.03.2014;1.2
25.03.2014;1.19
26.03.2014;1.21
27.03.2014;1.2
28.03.2014;1.2
31.03.2014;1.19
01.04.2014;1.2
02.04.2014;1.22
03.04.2014;1.22
04.04.2014;1.21
07.04.2014;1.23
08.04.2014;1.22
09.04.2014;1.22
10.04.2014;1.22
11.04.2014;1.21
14.04.2014;1.21
15.04.2014;1.23
16.04.2014;1.24
17.04.2014;1.24
18.04.2014;1.24
21.04.2014;1.24
22.04.2014;1.25
23.04.2014;1.25
24.04.2014;1.25
25.04.2014;1.24
28.04.2014;1.24
29.04.2014;1.25
30.04.2014;1.26
01.05.2014;1.26
02.05.2014;1.26
05.05.2014;1.25
06.05.2014;1.25
07.05.2014;1.25
08.05.2014;1.26
09.05.2014;1.26
12.05.2014;1.26
13.05.2014;1.26
14.05.2014;1.29
15.05.2014;1.34
16.05.2014;1.34
19.05.2014;1.33
20.05.2014;1.32
21.05.2014;1.33
22.05.2014;1.33
23.05.2014;1.33
26.05.2014;1.33
27.05.2014;1.33
28.05.2014;1.33
29.05.2014;1.37
30.05.2014;1.4
02.06.2014;1.39
03.06.2014;1.38
04.06.2014;1.39
05.06.2014;1.39
06.06.2014;1.39
09.06.2014;1.39
10.06.2014;1.39
11.06.2014;1.4
12.06.2014;1.41
13.06.2014;1.4
16.06.2014;1.39
17.06.2014;1.33
18.06.2014;1.35
19.06.2014;1.33
20.06.2014;1.33
23.06.2014;1.34
24.06.2014;1.33
25.06.2014;1.33
26.06.2014;1.33
27.06.2014;1.33
30.06.2014;1.35
01.07.2014;1.35
02.07.2014;1.35
03.07.2014;1.35
04.07.2014;1.35
07.07.2014;1.34
08.07.2014;1.34
09.07.2014;1.33
10.07.2014;1.31
11.07.2014;1.31
14.07.2014;1.31
15.07.2014;1.31
16.07.2014;1.33
17.07.2014;1.32
18.07.2014;1.33
21.07.2014;1.32
22.07.2014;1.32
23.07.2014;1.33
24.07.2014;1.33
25.07.2014;1.33
28.07.2014;1.32
29.07.2014;1.33
30.07.2014;1.33
31.07.2014;1.32
01.08.2014;1.32
04.08.2014;1.33
05.08.2014;1.33
06.08.2014;1.35
07.08.2014;1.35
08.08.2014;1.35
11.08.2014;1.36
12.08.2014;1.37
13.08.2014;1.38
14.08.2014;1.38
15.08.2014;1.38
18.08.2014;1.4
19.08.2014;1.4
20.08.2014;1.41
21.08.2014;1.42
22.08.2014;1.41
25.08.2014;1.41
26.08.2014;1.41
27.08.2014;1.4
28.08.2014;1.41
29.08.2014;1.42
01.09.2014;1.41
02.09.2014;1.39
03.09.2014;1.39
04.09.2014;1.41
05.09.2014;1.41
08.09.2014;1.4
09.09.2014;1.41
10.09.2014;1.41
11.09.2014;1.41
12.09.2014;1.41
15.09.2014;1.41
16.09.2014;1.41
17.09.2014;1.42
18.09.2014;1.42
19.09.2014;1.41
22.09.2014;1.4
23.09.2014;1.39
24.09.2014;1.39
25.09.2014;1.39
26.09.2014;1.39
29.09.2014;1.39
30.09.2014;1.41
01.10.2014;1.4
02.10.2014;1.39
03.10.2014;1.39
06.10.2014;1.39
07.10.2014;1.39
08.10.2014;1.37
09.10.2014;1.36
10.10.2014;1.34
13.10.2014;1.34
14.10.2014;1.33
15.10.2014;1.32
16.10.2014;1.28
17.10.2014;1.3
20.10.2014;1.29
21.10.2014;1.31
22.10.2014;1.32
23.10.2014;1.36
24.10.2014;1.34
27.10.2014;1.33
28.10.2014;1.34
29.10.2014;1.33
30.10.2014;1.32
31.10.2014;1.34
03.11.2014;1.34
04.11.2014;1.34
05.11.2014;1.32
06.11.2014;1.32
07.11.2014;1.33
10.11.2014;1.33
11.11.2014;1.33
12.11.2014;1.33
13.11.2014;1.33
14.11.2014;1.33
17.11.2014;1.32
18.11.2014;1.33
19.11.2014;1.33
20.11.2014;1.33
21.11.2014;1.33
24.11.2014;1.33
25.11.2014;1.32
26.11.2014;1.3
27.11.2014;1.32
28.11.2014;1.33
01.12.2014;1.33
02.12.2014;1.32
03.12.2014;1.34
04.12.2014;1.34
05.12.2014;1.35
08.12.2014;1.34
09.12.2014;1.33
10.12.2014;1.31
11.12.2014;1.3
12.12.2014;1.29
15.12.2014;1.29
16.12.2014;1.29
17.12.2014;1.28
18.12.2014;1.3
19.12.2014;1.33
22.12.2014;1.34
23.12.2014;1.34
24.12.2014;1.34
25.12.2014;1.34
26.12.2014;1.34
29.12.2014;1.34
30.12.2014;1.38
31.12.2014;1.38
01.01.2015;1.38
02.01.2015;1.38
05.01.2015;1.36
06.01.2015;1.35
07.01.2015;1.36
08.01.2015;1.38
09.01.2015;1.36
12.01.2015;1.37
13.01.2015;1.37
14.01.2015;1.37
15.01.2015;1.35
16.01.2015;1.36
19.01.2015;1.36
20.01.2015;1.35
21.01.2015;1.35
22.01.2015;1.35
23.01.2015;1.35
26.01.2015;1.34
27.01.2015;1.33
28.01.2015;1.34
29.01.2015;1.34
30.01.2015;1.35
02.02.2015;1.34
03.02.2015;1.34
04.02.2015;1.33
05.02.2015;1.33
06.02.2015;1.33
09.02.2015;1.32
10.02.2015;1.33
11.02.2015;1.32
12.02.2015;1.33
13.02.2015;1.33
16.02.2015;1.32
17.02.2015;1.32
18.02.2015;1.33
19.02.2015;1.32
20.02.2015;1.32
23.02.2015;1.33
24.02.2015;1.33
25.02.2015;1.33
26.02.2015;1.32
27.02.2015;1.32
02.03.2015;1.3
03.03.2015;1.31
04.03.2015;1.31
05.03.2015;1.31
06.03.2015;1.32
09.03.2015;1.32
10.03.2015;1.31
11.03.2015;1.31
12.03.2015;1.3
13.03.2015;1.29
16.03.2015;1.3
17.03.2015;1.29
18.03.2015;1.29
19.03.2015;1.29
20.03.2015;1.29
23.03.2015;1.32
24.03.2015;1.32
25.03.2015;1.33
26.03.2015;1.33
27.03.2015;1.35
30.03.2015;1.38
31.03.2015;1.37
01.04.2015;1.37
02.04.2015;1.37
03.04.2015;1.35
06.04.2015;1.36
07.04.2015;1.37
08.04.2015;1.36
09.04.2015;1.37
10.04.2015;1.37
13.04.2015;1.37
14.04.2015;1.37
15.04.2015;1.36
16.04.2015;1.36
17.04.2015;1.36
20.04.2015;1.36
21.04.2015;1.35
22.04.2015;1.35
23.04.2015;1.36
24.04.2015;1.38
27.04.2015;1.41
28.04.2015;1.4
29.04.2015;1.39
30.04.2015;1.42
01.05.2015;1.42
04.05.2015;1.41
05.05.2015;1.42
06.05.2015;1.41
07.05.2015;1.42
08.05.2015;1.42
11.05.2015;1.42
12.05.2015;1.39
13.05.2015;1.39
14.05.2015;1.38
15.05.2015;1.37
18.05.2015;1.38
19.05.2015;1.38
20.05.2015;1.38
21.05.2015;1.38
22.05.2015;1.39
25.05.2015;1.39
26.05.2015;1.4
27.05.2015;1.4
28.05.2015;1.4
29.05.2015;1.42
01.06.2015;1.42
02.06.2015;1.42
03.06.2015;1.42
04.06.2015;1.42
05.06.2015;1.43
08.06.2015;1.42
09.06.2015;1.43
10.06.2015;1.43
11.06.2015;1.42
12.06.2015;1.42
15.06.2015;1.4
16.06.2015;1.39
17.06.2015;1.39
18.06.2015;1.38
19.06.2015;1.38
22.06.2015;1.4
23.06.2015;1.41
24.06.2015;1.41
25.06.2015;1.41
26.06.2015;1.42
29.06.2015;1.41
30.06.2015;1.42
01.07.2015;1.43
02.07.2015;1.42
03.07.2015;1.32
06.07.2015;1.31
07.07.2015;1.31
08.07.2015;1.3
09.07.2015;1.3
10.07.2015;1.31
13.07.2015;1.32
14.07.2015;1.32
15.07.2015;1.32
16.07.2015;1.35
17.07.2015;1.36
20.07.2015;1.35
21.07.2015;1.48
22.07.2015;1.46
23.07.2015;1.46
24.07.2015;1.46
27.07.2015;1.45
28.07.2015;1.46
29.07.2015;1.47
30.07.2015;1.48
31.07.2015;1.48
03.08.2015;1.47
04.08.2015;1.47
05.08.2015;1.47
06.08.2015;1.48
07.08.2015;1.47
10.08.2015;1.48
11.08.2015;1.48
12.08.2015;1.47
13.08.2015;1.47
14.08.2015;1.44
17.08.2015;1.42
18.08.2015;1.4
19.08.2015;1.41
20.08.2015;1.4
21.08.2015;1.4
24.08.2015;1.31
25.08.2015;1.34
26.08.2015;1.32
27.08.2015;1.35
28.08.2015;1.34
31.08.2015;1.34
01.09.2015;1.34
02.09.2015;1.31
03.09.2015;1.33
04.09.2015;1.33
07.09.2015;1.33
08.09.2015;1.33
09.09.2015;1.33
10.09.2015;1.33
11.09.2015;1.33
14.09.2015;1.32
15.09.2015;1.3
16.09.2015;1.31
17.09.2015;1.3
18.09.2015;1.3
21.09.2015;1.32
22.09.2015;1.31
23.09.2015;1.31
24.09.2015;1.31
25.09.2015;1.31
28.09.2015;1.31
29.09.2015;1.3
30.09.2015;1.29
01.10.2015;1.29
02.10.2015;1.3
05.10.2015;1.3
06.10.2015;1.29
07.10.2015;1.3
08.10.2015;1.3
09.10.2015;1.31
12.10.2015;1.31
13.10.2015;1.31
14.10.2015;1.33
15.10.2015;1.32
16.10.2015;1.3
19.10.2015;1.31
20.10.2015;1.27
21.10.2015;1.27
22.10.2015;1.26
23.10.2015;1.26
26.10.2015;1.26
27.10.2015;1.26
28.10.2015;1.26
29.10.2015;1.26
30.10.2015;1.25
02.11.2015;1.26
03.11.2015;1.26
04.11.2015;1.26
05.11.2015;1.25
06.11.2015;1.25
09.11.2015;1.25
10.11.2015;1.25
11.11.2015;1.25
12.11.2015;1.25
13.11.2015;1.25
16.11.2015;1.2
17.11.2015;1.21
18.11.2015;1.2
19.11.2015;1.23
20.11.2015;1.23
23.11.2015;1.25
24.11.2015;1.25
25.11.2015;1.25
26.11.2015;1.24
27.11.2015;1.22
30.11.2015;1.22
01.12.2015;1.22
02.12.2015;1.19
03.12.2015;1.21
04.12.2015;1.2
07.12.2015;1.2
08.12.2015;1.2
09.12.2015;1.19
10.12.2015;1.19
11.12.2015;1.19
14.12.2015;1.17
15.12.2015;1.16
16.12.2015;1.13
17.12.2015;1.13
18.12.2015;1.13
21.12.2015;1.14
22.12.2015;1.14
23.12.2015;1.16
24.12.2015;1.16
25.12.2015;1.16
28.12.2015;1.17
29.12.2015;1.15
30.12.2015;1.17
31.12.2015;1.16
01.01.2016;1.17
04.01.2016;1.15
05.01.2016;1.14
06.01.2016;1.14
07.01.2016;1.13
08.01.2016;1.12
11.01.2016;1.1
12.01.2016;1.09
13.01.2016;1.07
14.01.2016;1.05
15.01.2016;1.05
18.01.2016;0.99
19.01.2016;1.01
20.01.2016;0.96
21.01.2016;1
22.01.2016;1.04
25.01.2016;1.02
26.01.2016;1.02
27.01.2016;1.01
28.01.2016;1.02
29.01.2016;1.02
01.02.2016;1.02
02.02.2016;1.03
03.02.2016;1.03
04.02.2016;1.05
05.02.2016;1.05
08.02.2016;1.02
09.02.2016;1.01
10.02.2016;1
11.02.2016;0.99
12.02.2016;1
15.02.2016;1.04
16.02.2016;1.01
17.02.2016;1.04
18.02.2016;1.05
19.02.2016;1.08
22.02.2016;1.1
23.02.2016;1.1
24.02.2016;1.08
25.02.2016;1.11
26.02.2016;1.15
29.02.2016;1.14
01.03.2016;1.14
02.03.2016;1.16
03.03.2016;1.15
04.03.2016;1.16
07.03.2016;1.15
08.03.2016;1.16
09.03.2016;1.15
10.03.2016;1.15
11.03.2016;1.15
14.03.2016;1.16
15.03.2016;1.16
16.03.2016;1.15
17.03.2016;1.15
18.03.2016;1.16
21.03.2016;1.16
22.03.2016;1.16
23.03.2016;1.16
24.03.2016;1.17
25.03.2016;1.18
28.03.2016;1.18
29.03.2016;1.14
30.03.2016;1.14
31.03.2016;1.16
01.04.2016;1.15
04.04.2016;1.15
05.04.2016;1.13
06.04.2016;1.14
07.04.2016;1.16
08.04.2016;1.16
11.04.2016;1.15
12.04.2016;1.15
13.04.2016;1.16
14.04.2016;1.16
15.04.2016;1.13
18.04.2016;1.13
19.04.2016;1.12
20.04.2016;1.07
21.04.2016;1.06
22.04.2016;1.06
25.04.2016;1.07
26.04.2016;1.07
27.04.2016;1.02
28.04.2016;1.02
29.04.2016;1.01
02.05.2016;1.01
03.05.2016;0.98
04.05.2016;0.99
05.05.2016;1.01
06.05.2016;1.01
09.05.2016;1
10.05.2016;1
11.05.2016;1
12.05.2016;0.99
13.05.2016;0.99
16.05.2016;0.97
17.05.2016;0.96
18.05.2016;0.95
19.05.2016;0.93
20.05.2016;0.93
23.05.2016;0.94
24.05.2016;0.96
25.05.2016;0.96
26.05.2016;0.97
27.05.2016;0.99
30.05.2016;1.02
31.05.2016;1.03
01.06.2016;1.02
02.06.2016;1.03
03.06.2016;1.05
06.06.2016;1.04
07.06.2016;1.06
08.06.2016;1.07
09.06.2016;1.04
10.06.2016;1.04
13.06.2016;1.04
14.06.2016;1.05
15.06.2016;1.05
16.06.2016;1.04
17.06.2016;1.04
20.06.2016;1.04
21.06.2016;1.05
22.06.2016;1.05
23.06.2016;1.05
24.06.2016;1.03
27.06.2016;1.05
28.06.2016;1.07
29.06.2016;1.08
30.06.2016;1.08
01.07.2016;1.08
04.07.2016;1.09
05.07.2016;1.08
06.07.2016;1.06
07.07.2016;1.06
08.07.2016;1.07
11.07.2016;1.08
12.07.2016;1.09
13.07.2016;1.08
14.07.2016;1.06
15.07.2016;1.07
18.07.2016;1.07
19.07.2016;1.08
20.07.2016;1.08
21.07.2016;1.09
22.07.2016;1.08
25.07.2016;1.08
26.07.2016;1.09
27.07.2016;1.1
28.07.2016;1.09
29.07.2016;1.1
01.08.2016;1.11
02.08.2016;1.1
03.08.2016;1.09
04.08.2016;1.1
05.08.2016;1.1
08.08.2016;1.11
09.08.2016;1.11
10.08.2016;1.1
11.08.2016;1.1
12.08.2016;1.1
15.08.2016;1.1
16.08.2016;1.1
17.08.2016;1.1
18.08.2016;1.11
19.08.2016;1.11
22.08.2016;1.11
23.08.2016;1.11
24.08.2016;1.13
25.08.2016;1.13
26.08.2016;1.14
29.08.2016;1.14
30.08.2016;1.14
31.08.2016;1.15
01.09.2016;1.14
02.09.2016;1.13
05.09.2016;1.13
06.09.2016;1.14
07.09.2016;1.18
08.09.2016;1.17
09.09.2016;1.16
12.09.2016;1.15
13.09.2016;1.15
14.09.2016;1.15
15.09.2016;1.15
16.09.2016;1.15
19.09.2016;1.15
20.09.2016;1.15
21.09.2016;1.14
22.09.2016;1.14
23.09.2016;1.12
26.09.2016;1.1
27.09.2016;1.09
28.09.2016;1.11
29.09.2016;1.12
30.09.2016;1.12
03.10.2016;1.13
04.10.2016;1.13
05.10.2016;1.12
06.10.2016;1.12
07.10.2016;1.12
10.10.2016;1.1
11.10.2016;1.09
12.10.2016;1.1
13.10.2016;1.1
14.10.2016;1.11
17.10.2016;1.12
18.10.2016;1.12
19.10.2016;1.13
20.10.2016;1.13
21.10.2016;1.13
24.10.2016;1.13
25.10.2016;1.12
26.10.2016;1.12
27.10.2016;1.12
28.10.2016;1.12
31.10.2016;1.13
01.11.2016;1.13
02.11.2016;1.13
03.11.2016;1.13
04.11.2016;1.13
07.11.2016;1.14
08.11.2016;1.15
09.11.2016;1.14
10.11.2016;1.16
11.11.2016;1.16
14.11.2016;1.16
15.11.2016;1.16
16.11.2016;1.16
17.11.2016;1.16
18.11.2016;1.16
21.11.2016;1.16
22.11.2016;1.16
23.11.2016;1.16
24.11.2016;1.16
25.11.2016;1.16
28.11.2016;1.16
29.11.2016;1.16
30.11.2016;1.16
01.12.2016;1.16
02.12.2016;1.18
05.12.2016;1.18
06.12.2016;1.17
07.12.2016;1.17
08.12.2016;1.16
09.12.2016;1.16
12.12.2016;1.18
13.12.2016;1.18
14.12.2016;1.19
15.12.2016;1.19
16.12.2016;1.19
19.12.2016;1.19
20.12.2016;1.19
21.12.2016;1.19
22.12.2016;1.19
23.12.2016;1.19
26.12.2016;1.19
27.12.2016;1.19
28.12.2016;1.19
29.12.2016;1.21
30.12.2016;1.2
02.01.2017;1.2
03.01.2017;1.21
04.01.2017;1.22
05.01.2017;1.23
06.01.2017;1.23
09.01.2017;1.23
10.01.2017;1.23
11.01.2017;1.23
12.01.2017;1.21
13.01.2017;1.21
16.01.2017;1.22
17.01.2017;1.21
18.01.2017;1.23
19.01.2017;1.24
20.01.2017;1.27
23.01.2017;1.27
24.01.2017;1.27
25.01.2017;1.31
26.01.2017;1.3
27.01.2017;1.32
30.01.2017;1.32
31.01.2017;1.32
01.02.2017;1.32
02.02.2017;1.31
03.02.2017;1.31
06.02.2017;1.33
07.02.2017;1.33
08.02.2017;1.32
09.02.2017;1.33
10.02.2017;1.33
13.02.2017;1.33
14.02.2017;1.32
15.02.2017;1.33
16.02.2017;1.34
17.02.2017;1.35
20.02.2017;1.37
21.02.2017;1.38
22.02.2017;1.39
23.02.2017;1.38
24.02.2017;1.35
27.02.2017;1.34
28.02.2017;1.36
01.03.2017;1.37
02.03.2017;1.35
03.03.2017;1.36
06.03.2017;1.36
07.03.2017;1.37
08.03.2017;1.36
09.03.2017;1.35
10.03.2017;1.36
13.03.2017;1.36
14.03.2017;1.36
15.03.2017;1.36
16.03.2017;1.37
17.03.2017;1.38
20.03.2017;1.38
21.03.2017;1.38
22.03.2017;1.38
23.03.2017;1.38
24.03.2017;1.39
27.03.2017;1.38
28.03.2017;1.39
29.03.2017;1.39
30.03.2017;1.44
31.03.2017;1.47
03.04.2017;1.47
04.04.2017;1.47
05.04.2017;1.47
06.04.2017;1.47
07.04.2017;1.47
10.04.2017;1.48
11.04.2017;1.47
12.04.2017;1.48
13.04.2017;1.52
14.04.2017;1.51
17.04.2017;1.51
18.04.2017;1.49
19.04.2017;1.47
20.04.2017;1.47
21.04.2017;1.47
24.04.2017;1.48
25.04.2017;1.48
26.04.2017;1.48
27.04.2017;1.47
28.04.2017;1.49
01.05.2017;1.49
02.05.2017;1.52
03.05.2017;1.49
04.05.2017;1.49
05.05.2017;1.49
08.05.2017;1.5
09.05.2017;1.52
10.05.2017;1.52
11.05.2017;1.52
12.05.2017;1.54
15.05.2017;1.56
16.05.2017;1.57
17.05.2017;1.56
18.05.2017;1.56
19.05.2017;1.58
22.05.2017;1.6
23.05.2017;1.61
24.05.2017;1.62
25.05.2017;1.63
26.05.2017;1.62
29.05.2017;1.63
30.05.2017;1.63
31.05.2017;1.63
01.06.2017;1.63
02.06.2017;1.63
05.06.2017;1.63
06.06.2017;1.62
07.06.2017;1.63
08.06.2017;1.62
09.06.2017;1.61
12.06.2017;1.6
13.06.2017;1.58
14.06.2017;1.57
15.06.2017;1.57
16.06.2017;1.56
19.06.2017;1.56
20.06.2017;1.55
21.06.2017;1.56
22.06.2017;1.55
23.06.2017;1.56
26.06.2017;1.54
27.06.2017;1.53
28.06.2017;1.53
29.06.2017;1.47
30.06.2017;1.48
03.07.2017;1.49
04.07.2017;1.49
05.07.2017;1.5
06.07.2017;1.48
07.07.2017;1.46
10.07.2017;1.5
11.07.2017;1.49
12.07.2017;1.5
13.07.2017;1.49
14.07.2017;1.49
17.07.2017;1.48
18.07.2017;1.51
19.07.2017;1.54
20.07.2017;1.57
21.07.2017;1.56
24.07.2017;1.56
25.07.2017;1.56
26.07.2017;1.56
27.07.2017;1.56
28.07.2017;1.56
31.07.2017;1.55
01.08.2017;1.55
02.08.2017;1.55
03.08.2017;1.54
04.08.2017;1.55
07.08.2017;1.56
08.08.2017;1.6
09.08.2017;1.61
10.08.2017;1.61
11.08.2017;1.61
14.08.2017;1.63
15.08.2017;1.63
16.08.2017;1.65
17.08.2017;1.66
18.08.2017;1.68
21.08.2017;1.68
22.08.2017;1.72
23.08.2017;1.71
24.08.2017;1.7
25.08.2017;1.72
28.08.2017;1.71
29.08.2017;1.7
30.08.2017;1.7
31.08.2017;1.69
01.09.2017;1.69
04.09.2017;1.67
05.09.2017;1.7
06.09.2017;1.7
07.09.2017;1.69
08.09.2017;1.72
11.09.2017;1.75
12.09.2017;1.72
13.09.2017;1.72
14.09.2017;1.73
15.09.2017;1.7
18.09.2017;1.7
19.09.2017;1.72
20.09.2017;1.7
21.09.2017;1.71
22.09.2017;1.7
25.09.2017;1.71
26.09.2017;1.71
27.09.2017;1.69
28.09.2017;1.7
29.09.2017;1.69
02.10.2017;1.7
03.10.2017;1.71
04.10.2017;1.7
05.10.2017;1.7
06.10.2017;1.72
09.10.2017;1.71
10.10.2017;1.72
11.10.2017;1.72
12.10.2017;1.73
13.10.2017;1.74
16.10.2017;1.74
17.10.2017;1.75
18.10.2017;1.75
19.10.2017;1.75
20.10.2017;1.75
23.10.2017;1.75
24.10.2017;1.75
25.10.2017;1.75
26.10.2017;1.75
27.10.2017;1.73
30.10.2017;1.73
31.10.2017;1.73
01.11.2017;1.73
02.11.2017;1.73
03.11.2017;1.73
06.11.2017;1.74
07.11.2017;1.67
08.11.2017;1.68
09.11.2017;1.68
10.11.2017;1.7
13.11.2017;1.71
14.11.2017;1.72
15.11.2017;1.72
16.11.2017;1.72
17.11.2017;1.75
20.11.2017;1.76
21.11.2017;1.77
22.11.2017;1.78
23.11.2017;1.77
24.11.2017;1.76
27.11.2017;1.73
28.11.2017;1.75
29.11.2017;1.75
30.11.2017;1.75
01.12.2017;1.75
04.12.2017;1.73
05.12.2017;1.73
06.12.2017;1.7
07.12.2017;1.74
08.12.2017;1.73
11.12.2017;1.73
12.12.2017;1.72
13.12.2017;1.7
14.12.2017;1.7
15.12.2017;1.68
18.12.2017;1.7
19.12.2017;1.73
20.12.2017;1.73
21.12.2017;1.73
22.12.2017;1.73
25.12.2017;1.73
27.12.2017;1.7
28.12.2017;1.7
29.12.2017;1.72
01.01.2018;1.72
02.01.2018;1.72
03.01.2018;1.75
04.01.2018;1.78
05.01.2018;1.77
08.01.2018;1.76
09.01.2018;1.78
10.01.2018;1.79
11.01.2018;1.82
12.01.2018;1.86
15.01.2018;1.86
16.01.2018;1.86
17.01.2018;1.91
18.01.2018;1.92
19.01.2018;1.93
22.01.2018;1.96
23.01.2018;1.96
24.01.2018;1.96
25.01.2018;1.93
26.01.2018;1.93
29.01.2018;1.94
30.01.2018;1.91
31.01.2018;1.88
01.02.2018;1.88
02.02.2018;1.86
05.02.2018;1.83
06.02.2018;1.8
07.02.2018;1.81
08.02.2018;1.81
09.02.2018;1.81
12.02.2018;1.84
13.02.2018;1.84
14.02.2018;1.87
15.02.2018;1.92
16.02.2018;1.95
19.02.2018;1.95
20.02.2018;1.94
21.02.2018;1.96
22.02.2018;1.95
23.02.2018;1.96
26.02.2018;1.96
27.02.2018;1.97
28.02.2018;2
01.03.2018;1.97
02.03.2018;1.94
05.03.2018;1.94
06.03.2018;1.97
07.03.2018;1.99
08.03.2018;2
09.03.2018;2
12.03.2018;2.02
13.03.2018;2.04
14.03.2018;2.03
15.03.2018;2.05
16.03.2018;2.06
19.03.2018;2.04
20.03.2018;2.02
21.03.2018;2.04
22.03.2018;2.01
23.03.2018;2.05
26.03.2018;2.08
27.03.2018;2.1
28.03.2018;2.09
29.03.2018;2.03
30.03.2018;2.07
02.04.2018;2.08
03.04.2018;2.09
04.04.2018;2.09
05.04.2018;2.09
06.04.2018;2.09
09.04.2018;2.09
10.04.2018;2.08
11.04.2018;2.06
12.04.2018;2.08
13.04.2018;2.06
16.04.2018;2.05
17.04.2018;2.05
18.04.2018;2.06
19.04.2018;2.06
20.04.2018;2.04
23.04.2018;2.05
24.04.2018;2.06
25.04.2018;2.06
26.04.2018;2.04
27.04.2018;2.04
30.04.2018;2.04
01.05.2018;2.04
02.05.2018;2.04
03.05.2018;2.04
04.05.2018;2.04
07.05.2018;2.04
08.05.2018;2.03
09.05.2018;2.03
10.05.2018;2.03
11.05.2018;2.02
14.05.2018;2.03
15.05.2018;2.01
16.05.2018;2.01
17.05.2018;1.98
18.05.2018;1.95
21.05.2018;1.93
22.05.2018;1.98
23.05.2018;1.95
24.05.2018;1.93
25.05.2018;1.92
28.05.2018;1.92
29.05.2018;1.89
30.05.2018;1.89
31.05.2018;1.92
01.06.2018;1.92
04.06.2018;1.97
05.06.2018;2.02
06.06.2018;2.02
07.06.2018;2.03
08.06.2018;2.01
11.06.2018;2.01
12.06.2018;2.01
13.06.2018;2.03
14.06.2018;2
15.06.2018;1.99
18.06.2018;2
19.06.2018;2
20.06.2018;2.01
21.06.2018;2.01
22.06.2018;2.01
25.06.2018;2.01
26.06.2018;2.01
27.06.2018;2
28.06.2018;2.01
29.06.2018;2.05
02.07.2018;2.02
03.07.2018;2.02
04.07.2018;2.02
05.07.2018;2.01
06.07.2018;2.02
09.07.2018;2.05
10.07.2018;2.09
11.07.2018;2.09
12.07.2018;2.09
13.07.2018;2.08
16.07.2018;2.08
17.07.2018;2.06
18.07.2018;2.02
19.07.2018;1.92
20.07.2018;1.98
23.07.2018;1.99
24.07.2018;1.97
25.07.2018;1.94
26.07.2018;1.96
27.07.2018;1.96
30.07.2018;1.95
31.07.2018;1.94
01.08.2018;1.95
02.08.2018;1.97
03.08.2018;2.02
06.08.2018;2.06
07.08.2018;2.06
08.08.2018;2.06
09.08.2018;2.06
10.08.2018;2.04
13.08.2018;2.04
14.08.2018;2.05
15.08.2018;2.05
16.08.2018;2.05
17.08.2018;2.07
20.08.2018;2.07
21.08.2018;2.07
22.08.2018;2.06
23.08.2018;2.07
24.08.2018;2.07
27.08.2018;2.07
28.08.2018;2.09
29.08.2018;2.07
30.08.2018;2.07
31.08.2018;2.06
03.09.2018;2.07
04.09.2018;2.08
05.09.2018;2.07
06.09.2018;2.08
07.09.2018;2.08
10.09.2018;2.08
11.09.2018;2.07
12.09.2018;2.03
13.09.2018;2
14.09.2018;2.03
17.09.2018;2.01
18.09.2018;2.09
19.09.2018;2.05
20.09.2018;2.07
21.09.2018;2.08
24.09.2018;2.09
25.09.2018;2.1
26.09.2018;2.09
27.09.2018;2.14
28.09.2018;2.14
01.10.2018;2.16
02.10.2018;2.18
03.10.2018;2.16
04.10.2018;2.16
05.10.2018;2.18
08.10.2018;2.18
09.10.2018;2.19
10.10.2018;2.16
11.10.2018;2.12
12.10.2018;2.12
15.10.2018;2.14
16.10.2018;2.14
17.10.2018;2.17
18.10.2018;2.18
19.10.2018;2.19
22.10.2018;2.19
23.10.2018;2.19
24.10.2018;2.19
25.10.2018;2.17
26.10.2018;2.16
29.10.2018;2.17
30.10.2018;2.16
31.10.2018;2.16
01.11.2018;2.17
02.11.2018;2.19
05.11.2018;2.19
06.11.2018;2.19
07.11.2018;2.23
08.11.2018;2.22
09.11.2018;2.23
12.11.2018;2.23
13.11.2018;2.24
14.11.2018;2.23
15.11.2018;2.21
16.11.2018;2.21
19.11.2018;2.22
20.11.2018;2.22
21.11.2018;2.24
22.11.2018;2.24
23.11.2018;2.24
26.11.2018;2.25
27.11.2018;2.25
28.11.2018;2.25
29.11.2018;2.29
30.11.2018;2.29
03.12.2018;2.3
04.12.2018;2.31
05.12.2018;2.27
06.12.2018;2.26
07.12.2018;2.28
10.12.2018;2.27
11.12.2018;2.28
12.12.2018;2.27
13.12.2018;2.28
14.12.2018;2.28
17.12.2018;2.27
18.12.2018;2.22
19.12.2018;2.02
20.12.2018;2
21.12.2018;1.89
24.12.2018;1.93
25.12.2018;1.93
26.12.2018;1.93
27.12.2018;1.94
28.12.2018;1.9
31.12.2018;1.88
01.01.2019;1.88
02.01.2019;1.88
03.01.2019;1.92
04.01.2019;2
07.01.2019;2
08.01.2019;1.96
09.01.2019;1.94
10.01.2019;1.9
11.01.2019;1.89
14.01.2019;1.84
15.01.2019;1.94
16.01.2019;1.92
17.01.2019;1.92
18.01.2019;1.91
21.01.2019;1.92
22.01.2019;1.92
23.01.2019;1.9
24.01.2019;1.9
25.01.2019;1.9
28.01.2019;1.89
29.01.2019;1.88
30.01.2019;1.91
31.01.2019;1.89
01.02.2019;1.9
04.02.2019;1.93
05.02.2019;2.01
06.02.2019;2.01
07.02.2019;2.06
08.02.2019;2.05
11.02.2019;2.05
12.02.2019;2.08
13.02.2019;2.12
14.02.2019;2.12
15.02.2019;2.1
18.02.2019;2.17
19.02.2019;2.17
20.02.2019;2.16
21.02.2019;2.16
22.02.2019;2.12
25.02.2019;2.08
26.02.2019;2.07
27.02.2019;2.07
28.02.2019;2.04
01.03.2019;2.05
04.03.2019;2.06
05.03.2019;2.06
06.03.2019;2.1
07.03.2019;2.09
08.03.2019;2.09
11.03.2019;2.11
12.03.2019;2.09
13.03.2019;2.08
14.03.2019;2.06
15.03.2019;2.03
18.03.2019;2.06
19.03.2019;2.06
20.03.2019;2.1
21.03.2019;2.11
22.03.2019;2.15
25.03.2019;2.16
26.03.2019;2.18
27.03.2019;2.21
28.03.2019;2.2
29.03.2019;2.18
01.04.2019;2.2
02.04.2019;2.21
03.04.2019;2.2
04.04.2019;2.21
05.04.2019;2.21
08.04.2019;2.23
09.04.2019;2.25
10.04.2019;2.24
11.04.2019;2.25
12.04.2019;2.25
15.04.2019;2.24
16.04.2019;2.24
17.04.2019;2.24
18.04.2019;2.25
19.04.2019;2.26
22.04.2019;2.29
23.04.2019;2.29
24.04.2019;2.28
25.04.2019;2.31
26.04.2019;2.31
29.04.2019;2.31
30.04.2019;2.22
01.05.2019;2.22
02.05.2019;2.28
03.05.2019;2.28
06.05.2019;2.27
07.05.2019;2.28
08.05.2019;2.28
09.05.2019;2.29
10.05.2019;2.3
13.05.2019;2.28
14.05.2019;2.28
15.05.2019;2.29
16.05.2019;2.29
17.05.2019;2.29
20.05.2019;2.29
21.05.2019;2.27
22.05.2019;2.29
23.05.2019;2.29
24.05.2019;2.3
27.05.2019;2.3
28.05.2019;2.37
29.05.2019;2.35
30.05.2019;2.42
31.05.2019;2.42
03.06.2019;2.42
04.06.2019;2.41
05.06.2019;2.42
06.06.2019;2.44
07.06.2019;2.47
10.06.2019;2.47
11.06.2019;2.5
12.06.2019;2.46
13.06.2019;2.45
14.06.2019;2.45
17.06.2019;2.45
18.06.2019;2.44
19.06.2019;2.43
20.06.2019;2.44
21.06.2019;2.45
24.06.2019;2.43
25.06.2019;2.41
26.06.2019;2.44
27.06.2019;2.49
28.06.2019;2.47
01.07.2019;2.45
02.07.2019;2.43
03.07.2019;2.44
04.07.2019;2.45
05.07.2019;2.49
08.07.2019;2.45
09.07.2019;2.47
10.07.2019;2.47
11.07.2019;2.52
12.07.2019;2.56
15.07.2019;2.55
16.07.2019;2.56
17.07.2019;2.55
18.07.2019;2.51
19.07.2019;2.52
22.07.2019;2.47
23.07.2019;2.49
24.07.2019;2.47
25.07.2019;2.47
26.07.2019;2.49
29.07.2019;2.49
30.07.2019;2.48
31.07.2019;2.57
01.08.2019;2.51
02.08.2019;2.52
05.08.2019;2.5
06.08.2019;2.51
07.08.2019;2.52
08.08.2019;2.52
09.08.2019;2.52
12.08.2019;2.52
13.08.2019;2.52
14.08.2019;2.52
15.08.2019;2.52
16.08.2019;2.54
19.08.2019;2.58
20.08.2019;2.57
21.08.2019;2.59
22.08.2019;2.59
23.08.2019;2.54
26.08.2019;2.54
27.08.2019;2.61
28.08.2019;2.61
29.08.2019;2.6
30.08.2019;2.6
02.09.2019;2.61
03.09.2019;2.62
04.09.2019;2.62
05.09.2019;2.62
06.09.2019;2.61
09.09.2019;2.61
10.09.2019;2.6
11.09.2019;2.62
12.09.2019;2.61
13.09.2019;2.62
16.09.2019;2.64
17.09.2019;2.65
18.09.2019;2.67
19.09.2019;2.71
20.09.2019;2.77
23.09.2019;2.77
24.09.2019;2.78
25.09.2019;2.79
26.09.2019;2.8
27.09.2019;2.81
30.09.2019;2.83
01.10.2019;2.83
02.10.2019;2.82
03.10.2019;2.82
04.10.2019;2.82
07.10.2019;2.83
08.10.2019;2.83
09.10.2019;2.84
10.10.2019;2.81
11.10.2019;2.83
14.10.2019;2.82
15.10.2019;2.83
16.10.2019;2.85
17.10.2019;2.88
18.10.2019;2.91
21.10.2019;2.92
22.10.2019;2.94
23.10.2019;2.92
24.10.2019;2.91
25.10.2019;2.89
28.10.2019;2.87
29.10.2019;2.87
30.10.2019;2.87
31.10.2019;2.81
01.11.2019;2.83
04.11.2019;2.83
05.11.2019;2.83
06.11.2019;2.85
07.11.2019;2.85
08.11.2019;2.86
11.11.2019;2.87
12.11.2019;2.86
13.11.2019;2.87
14.11.2019;2.87
15.11.2019;2.87
18.11.2019;2.87
19.11.2019;2.87
20.11.2019;2.87
21.11.2019;2.88
22.11.2019;2.88
25.11.2019;2.87
26.11.2019;2.88
27.11.2019;2.9
28.11.2019;2.91
29.11.2019;2.9
02.12.2019;2.91
03.12.2019;2.88
04.12.2019;2.91
05.12.2019;2.92
06.12.2019;2.94
09.12.2019;2.94
10.12.2019;2.93
11.12.2019;2.88
12.12.2019;2.88
13.12.2019;2.9
16.12.2019;2.94
17.12.2019;2.9
18.12.2019;2.9
19.12.2019;2.88
20.12.2019;2.87
23.12.2019;2.83
24.12.2019;2.83
25.12.2019;2.83
26.12.2019;2.83
27.12.2019;2.84
30.12.2019;2.84
31.12.2019;2.84
01.01.2020;2.84
02.01.2020;2.84
03.01.2020;2.82
06.01.2020;2.79
07.01.2020;2.81
08.01.2020;2.78
09.01.2020;2.79
10.01.2020;2.8
13.01.2020;2.82
14.01.2020;2.84
15.01.2020;2.86
16.01.2020;2.87
17.01.2020;2.89
20.01.2020;2.86
21.01.2020;2.87
22.01.2020;2.87
23.01.2020;2.85
24.01.2020;2.85
27.01.2020;2.83
28.01.2020;2.83
29.01.2020;2.75
30.01.2020;2.67
31.01.2020;2.69
03.02.2020;2.65
04.02.2020;2.67
05.02.2020;2.69
06.02.2020;2.72
07.02.2020;2.68
10.02.2020;2.65
11.02.2020;2.65
12.02.2020;2.65
13.02.2020;2.65
14.02.2020;2.65
17.02.2020;2.69
18.02.2020;2.72
19.02.2020;2.75
20.02.2020;2.72
21.02.2020;2.67
24.02.2020;2.62
25.02.2020;2.6
26.02.2020;2.59
27.02.2020;2.58
28.02.2020;2.51
02.03.2020;2.58
03.03.2020;2.65
04.03.2020;2.67
05.03.2020;2.63
06.03.2020;2.58
09.03.2020;2.44
10.03.2020;2.41
11.03.2020;2.3
12.03.2020;2.19
13.03.2020;2.15
16.03.2020;2
17.03.2020;2.06
18.03.2020;2.02
19.03.2020;2.13
20.03.2020;2.03
23.03.2020;1.98
24.03.2020;2.03
25.03.2020;2.11
26.03.2020;2.11
27.03.2020;2.08
30.03.2020;2.11
31.03.2020;2.14
01.04.2020;2.12
02.04.2020;2.13
03.04.2020;2.14
06.04.2020;2.18
07.04.2020;2.26
08.04.2020;2.22
09.04.2020;2.22
10.04.2020;2.28
13.04.2020;2.24
14.04.2020;2.2
15.04.2020;2.18
16.04.2020;2.17
17.04.2020;2.17
20.04.2020;2.17
21.04.2020;2.09
22.04.2020;2.12
23.04.2020;2.13
24.04.2020;2.11
27.04.2020;2.12
28.04.2020;2.18
29.04.2020;2.24
30.04.2020;2.13
01.05.2020;2.13
04.05.2020;2.15
05.05.2020;2.17
06.05.2020;2.18
07.05.2020;2.16
08.05.2020;2.21
11.05.2020;2.26
12.05.2020;2.28
13.05.2020;2.22
14.05.2020;2.23
15.05.2020;2.25
18.05.2020;2.3
19.05.2020;2.34
20.05.2020;2.33
21.05.2020;2.43
22.05.2020;2.42
25.05.2020;2.42
26.05.2020;2.39
27.05.2020;2.39
28.05.2020;2.38
29.05.2020;2.34
01.06.2020;2.34
02.06.2020;2.39
03.06.2020;2.42
04.06.2020;2.43
05.06.2020;2.38
08.06.2020;2.38
09.06.2020;2.39
10.06.2020;2.41
11.06.2020;2.38
12.06.2020;2.42
15.06.2020;2.39
16.06.2020;2.46
17.06.2020;2.48
18.06.2020;2.48
19.06.2020;2.43
22.06.2020;2.45
23.06.2020;2.45
24.06.2020;2.44
25.06.2020;2.42
26.06.2020;2.45
29.06.2020;2.44
30.06.2020;2.44
01.07.2020;2.44
02.07.2020;2.44
03.07.2020;2.45
06.07.2020;2.46
07.07.2020;2.45
08.07.2020;2.45
09.07.2020;2.44
10.07.2020;2.43
13.07.2020;2.44
14.07.2020;2.42
15.07.2020;2.42
16.07.2020;2.43
17.07.2020;2.43
20.07.2020;2.41
21.07.2020;2.45
22.07.2020;2.44
23.07.2020;2.44
24.07.2020;2.43
27.07.2020;2.42
28.07.2020;2.43
29.07.2020;2.39
30.07.2020;2.34
31.07.2020;2.3
03.08.2020;2.31
04.08.2020;2.34
05.08.2020;2.34
06.08.2020;2.34
07.08.2020;2.33
10.08.2020;2.31
11.08.2020;2.34
12.08.2020;2.33
13.08.2020;2.31
14.08.2020;2.3
17.08.2020;2.35
18.08.2020;2.35
19.08.2020;2.3
20.08.2020;2.3
21.08.2020;2.3
24.08.2020;2.28
25.08.2020;2.3
26.08.2020;2.31
27.08.2020;2.32
28.08.2020;2.34
31.08.2020;2.38
01.09.2020;2.34
02.09.2020;2.35
03.09.2020;2.36
04.09.2020;2.35
07.09.2020;2.35
08.09.2020;2.36
09.09.2020;2.33
10.09.2020;2.34
11.09.2020;2.35
14.09.2020;2.35
15.09.2020;2.34
16.09.2020;2.34
17.09.2020;2.34
18.09.2020;2.3
21.09.2020;2.28
22.09.2020;2.3
23.09.2020;2.3
24.09.2020;2.26
25.09.2020;2.26
28.09.2020;2.26
29.09.2020;2.32
30.09.2020;2.3
01.10.2020;2.3
02.10.2020;2.29
05.10.2020;2.29
06.10.2020;2.28
07.10.2020;2.29
08.10.2020;2.29
09.10.2020;2.3
12.10.2020;2.3
13.10.2020;2.3
14.10.2020;2.27
15.10.2020;2.26
16.10.2020;2.26
19.10.2020;2.25
20.10.2020;2.21
21.10.2020;2.18
22.10.2020;2.17
23.10.2020;2.19
26.10.2020;2.16
27.10.2020;2.19
28.10.2020;2.14
29.10.2020;2.12
30.10.2020;2.08
02.11.2020;2.11
03.11.2020;2.18
04.11.2020;2.17
05.11.2020;2.2
06.11.2020;2.21
09.11.2020;2.28
10.11.2020;2.26
11.11.2020;2.26
12.11.2020;2.22
13.11.2020;2.16
16.11.2020;2.16
17.11.2020;2.14
18.11.2020;2.12
19.11.2020;2.12
20.11.2020;2.13
23.11.2020;2.16
24.11.2020;2.24
25.11.2020;2.2
26.11.2020;2.2
27.11.2020;2.26
02.12.2020;2.26
03.12.2020;2.28
04.12.2020;2.3
07.12.2020;2.29
08.12.2020;2.28
09.12.2020;2.3
10.12.2020;2.28
11.12.2020;2.28
14.12.2020;2.3
15.12.2020;2.29
16.12.2020;2.29
17.12.2020;2.28
18.12.2020;2.3
21.12.2020;2.26
22.12.2020;2.26
23.12.2020;2.27
28.12.2020;2.26
29.12.2020;2.27
30.12.2020;2.27
04.01.2021;2.3
05.01.2021;2.29
06.01.2021;2.31
07.01.2021;2.31
08.01.2021;2.32
11.01.2021;2.33
12.01.2021;2.41
13.01.2021;2.48
14.01.2021;2.49
15.01.2021;2.45
18.01.2021;2.43
19.01.2021;2.47
20.01.2021;2.47
21.01.2021;2.52
22.01.2021;2.51
25.01.2021;2.51
26.01.2021;2.51
27.01.2021;2.51
28.01.2021;2.51
29.01.2021;2.49
01.02.2021;2.51
02.02.2021;2.54
03.02.2021;2.52
04.02.2021;2.57
05.02.2021;2.6
08.02.2021;2.62
09.02.2021;2.63
10.02.2021;2.62
11.02.2021;2.63
12.02.2021;2.62
15.02.2021;2.62
16.02.2021;2.62
17.02.2021;2.63
18.02.2021;2.63
19.02.2021;2.57
22.02.2021;2.52
23.02.2021;2.55
24.02.2021;2.55
25.02.2021;2.6
26.02.2021;2.56
01.03.2021;2.57
02.03.2021;2.57
03.03.2021;2.55
04.03.2021;2.58
05.03.2021;2.57
08.03.2021;2.61
09.03.2021;2.63
10.03.2021;2.61
11.03.2021;2.66
12.03.2021;2.66
15.03.2021;2.66
16.03.2021;2.67
17.03.2021;2.66
18.03.2021;2.66
19.03.2021;2.66
22.03.2021;2.66
23.03.2021;2.64
24.03.2021;2.63
25.03.2021;2.63
26.03.2021;2.6
29.03.2021;2.62
30.03.2021;2.65
31.03.2021;2.68
01.04.2021;2.71
02.04.2021;2.68
05.04.2021;2.7
06.04.2021;2.69
07.04.2021;2.69
08.04.2021;2.69
09.04.2021;2.7
12.04.2021;2.68
13.04.2021;2.67
14.04.2021;2.66
15.04.2021;2.66
16.04.2021;2.65
19.04.2021;2.63
20.04.2021;2.65
21.04.2021;2.6
22.04.2021;2.6
23.04.2021;2.62
26.04.2021;2.62
27.04.2021;2.61
28.04.2021;2.63
29.04.2021;2.63
04.05.2021;2.64
05.05.2021;2.67
06.05.2021;2.66
07.05.2021;2.66
10.05.2021;2.68
11.05.2021;2.66
12.05.2021;2.68
13.05.2021;2.66
14.05.2021;2.66
17.05.2021;2.66
18.05.2021;2.66
19.05.2021;2.67
20.05.2021;2.65
21.05.2021;2.65
24.05.2021;2.65
25.05.2021;2.66
26.05.2021;2.66
27.05.2021;2.57
28.05.2021;2.65
31.05.2021;2.62
02.06.2021;2.68
03.06.2021;2.65
04.06.2021;2.64
07.06.2021;2.66
08.06.2021;2.66
09.06.2021;2.64
10.06.2021;2.61
11.06.2021;2.63
14.06.2021;2.62
15.06.2021;2.61
16.06.2021;2.63
17.06.2021;2.64
18.06.2021;2.63
22.06.2021;2.58
23.06.2021;2.59
24.06.2021;2.62
25.06.2021;2.66
28.06.2021;2.67
29.06.2021;2.67
30.06.2021;2.69
01.07.2021;2.71
02.07.2021;2.65
05.07.2021;2.67
06.07.2021;2.65
07.07.2021;2.63
08.07.2021;2.66
09.07.2021;2.67
12.07.2021;2.71
13.07.2021;2.7
14.07.2021;2.69
15.07.2021;2.71
16.07.2021;2.67
19.07.2021;2.61
20.07.2021;2.63
21.07.2021;2.67
22.07.2021;2.66
23.07.2021;2.63
26.07.2021;2.63
27.07.2021;2.6
28.07.2021;2.63
29.07.2021;2.68
30.07.2021;2.66
02.08.2021;2.65
03.08.2021;2.63
04.08.2021;2.66
05.08.2021;2.66
06.08.2021;2.67
09.08.2021;2.68
10.08.2021;2.73
11.08.2021;2.77
12.08.2021;2.76
13.08.2021;2.76
16.08.2021;2.77
17.08.2021;2.77
18.08.2021;2.77
19.08.2021;2.73
20.08.2021;2.76
23.08.2021;2.77
24.08.2021;2.76
25.08.2021;2.73
26.08.2021;2.77
27.08.2021;2.79
30.08.2021;2.83
31.08.2021;2.71
01.09.2021;2.71
02.09.2021;2.72
03.09.2021;2.75
06.09.2021;2.76
07.09.2021;2.77
08.09.2021;2.8
09.09.2021;2.84
10.09.2021;2.84
13.09.2021;2.78
14.09.2021;2.78
15.09.2021;2.73
16.09.2021;2.74
17.09.2021;2.79
20.09.2021;2.83
21.09.2021;2.84
22.09.2021;2.87
23.09.2021;2.89
24.09.2021;2.94
27.09.2021;2.99
28.09.2021;2.99
29.09.2021;2.98
30.09.2021;2.97
01.10.2021;2.97
04.10.2021;2.99
05.10.2021;2.99
06.10.2021;3
07.10.2021;3
08.10.2021;3.01
11.10.2021;3.02
12.10.2021;2.99
13.10.2021;3.01
14.10.2021;3
15.10.2021;2.99
18.10.2021;3.03
19.10.2021;3.05
20.10.2021;3.08
21.10.2021;3.08
22.10.2021;3.15
25.10.2021;3.18
26.10.2021;3.22
27.10.2021;3.23
28.10.2021;3.23
29.10.2021;3.18
01.11.2021;3.11
02.11.2021;3.13
03.11.2021;3.19
04.11.2021;3.17
05.11.2021;3.16
08.11.2021;3.09
09.11.2021;3.06
10.11.2021;3
11.11.2021;2.99
12.11.2021;3.01
15.11.2021;3
16.11.2021;3
17.11.2021;3.03
18.11.2021;3.06
19.11.2021;2.97
22.11.2021;3.01
23.11.2021;2.96
24.11.2021;3.01
25.11.2021;3.03
26.11.2021;2.86
29.11.2021;2.86
02.12.2021;2.89
03.12.2021;3
06.12.2021;3.13
07.12.2021;3.16
08.12.2021;3.18
09.12.2021;3.16
10.12.2021;3.16
13.12.2021;3.09
14.12.2021;3.14
15.12.2021;3.14
16.12.2021;3.15
17.12.2021;3.12
20.12.2021;3.11
21.12.2021;3.11
22.12.2021;3.15
23.12.2021;3.2
27.12.2021;3.24
28.12.2021;3.31
29.12.2021;3.33
30.12.2021;3.33
03.01.2022;3.24
04.01.2022;3.24
05.01.2022;3.21
06.01.2022;3.18
07.01.2022;3.2
10.01.2022;3.24
11.01.2022;3.21
12.01.2022;3.28
13.01.2022;3.25
14.01.2022;3.24
17.01.2022;3.16
18.01.2022;3.15
19.01.2022;3.09
20.01.2022;3.09
21.01.2022;3.09
25.01.2022;3.06
26.01.2022;3.17
27.01.2022;3.16
28.01.2022;3.21
31.01.2022;3.23
01.02.2022;3.24
02.02.2022;3.24
03.02.2022;3.23
04.02.2022;3.23
07.02.2022;3.24
08.02.2022;3.22
09.02.2022;3.24
10.02.2022;3.21
11.02.2022;3.18
14.02.2022;3.13
15.02.2022;3.17
16.02.2022;3.16
17.02.2022;3.14
18.02.2022;3.14
21.02.2022;3.12
22.02.2022;3.13
23.02.2022;3.2
24.02.2022;3.16
25.02.2022;3.26
28.02.2022;3.29
01.03.2022;3.11
02.03.2022;3.1
03.03.2022;3.15
04.03.2022;2.99
07.03.2022;2.91
08.03.2022;2.99
09.03.2022;3.1
10.03.2022;3.08
11.03.2022;3.17
14.03.2022;3.2
15.03.2022;3.16
16.03.2022;3.15
17.03.2022;3.17
18.03.2022;3.17
21.03.2022;3.21
22.03.2022;3.25
23.03.2022;3.21
24.03.2022;3.27
25.03.2022;3.24
28.03.2022;3.27
29.03.2022;3.41
30.03.2022;3.4
31.03.2022;3.42
01.04.2022;3.46
04.04.2022;3.44
05.04.2022;3.47
06.04.2022;3.46
07.04.2022;3.46
08.04.2022;3.47
11.04.2022;3.49
12.04.2022;3.49
13.04.2022;3.55
14.04.2022;3.63
15.04.2022;3.7
18.04.2022;3.8
19.04.2022;3.8
20.04.2022;3.82
21.04.2022;3.84
26.04.2022;3.76
27.04.2022;3.81
28.04.2022;3.86
29.04.2022;3.84
02.05.2022;3.76
03.05.2022;3.71
04.05.2022;3.63
05.05.2022;3.63
06.05.2022;3.58
09.05.2022;3.59
10.05.2022;3.62
11.05.2022;3.55
12.05.2022;3.64
13.05.2022;3.69
16.05.2022;3.63
17.05.2022;3.71
18.05.2022;3.84
19.05.2022;3.8
20.05.2022;3.82
23.05.2022;3.83
24.05.2022;3.84
25.05.2022;3.82
26.05.2022;3.84
27.05.2022;3.8
30.05.2022;3.82
31.05.2022;3.84
02.06.2022;3.83
03.06.2022;3.88
06.06.2022;4
07.06.2022;4.09
08.06.2022;4.11
09.06.2022;4.13
10.06.2022;4.16
14.06.2022;4.03
15.06.2022;3.97
16.06.2022;4
17.06.2022;4.11
20.06.2022;4.19
21.06.2022;4.27
22.06.2022;4.3
23.06.2022;4.33
24.06.2022;4.33
27.06.2022;4.41
28.06.2022;4.4
29.06.2022;4.38
30.06.2022;4.3
01.07.2022;4.35
04.07.2022;4.33
05.07.2022;4.34
06.07.2022;4.33
07.07.2022;4.24
08.07.2022;4.2
11.07.2022;4.07
12.07.2022;4.14
13.07.2022;4.08
14.07.2022;4
15.07.2022;4.05
18.07.2022;4.09
19.07.2022;4.02
20.07.2022;4.02
21.07.2022;4.06
22.07.2022;4.11
25.07.2022;4.13
26.07.2022;4.24
27.07.2022;4.37
28.07.2022;4.46
29.07.2022;4.42
01.08.2022;4.4
02.08.2022;4.29
03.08.2022;4.28
04.08.2022;4.25
05.08.2022;4.26
08.08.2022;4.34
09.08.2022;4.36
10.08.2022;4.37
11.08.2022;4.52
12.08.2022;4.51
16.08.2022;4.49
17.08.2022;4.44
18.08.2022;4.49
19.08.2022;4.43
22.08.2022;4.41
23.08.2022;4.41
24.08.2022;4.41
25.08.2022;4.41
26.08.2022;4.4
29.08.2022;4.35
30.08.2022;4.28
31.08.2022;4.13
01.09.2022;3.97
02.09.2022;4
05.09.2022;4.15
06.09.2022;4.15
07.09.2022;4.09
08.09.2022;4.06
09.09.2022;4.1
12.09.2022;4.13
13.09.2022;4.12
14.09.2022;4.02
15.09.2022;4.01
16.09.2022;3.94
19.09.2022;3.88
20.09.2022;3.88
21.09.2022;3.85
22.09.2022;3.82
23.09.2022;3.74
26.09.2022;3.61
27.09.2022;3.7
28.09.2022;3.71
29.09.2022;3.58
30.09.2022;3.69
03.10.2022;3.72
04.10.2022;3.73
05.10.2022;3.72
06.10.2022;3.72
07.10.2022;3.71
10.10.2022;3.69
11.10.2022;3.59
12.10.2022;3.58
13.10.2022;3.56
14.10.2022;3.59
17.10.2022;3.63
18.10.2022;3.71
19.10.2022;3.71
20.10.2022;3.69
21.10.2022;3.68
24.10.2022;3.55
25.10.2022;3.58
26.10.2022;3.58
27.10.2022;3.53
28.10.2022;3.53
31.10.2022;3.54
01.11.2022;3.55
02.11.2022;3.51
03.11.2022;3.48
04.11.2022;3.48
07.11.2022;3.56
08.11.2022;3.77
09.11.2022;3.76
10.11.2022;3.74
11.11.2022;3.82
14.11.2022;3.87
15.11.2022;3.75
16.11.2022;3.73
17.11.2022;3.83
18.11.2022;3.75
21.11.2022;3.71
22.11.2022;3.65
23.11.2022;3.7
24.11.2022;3.69
25.11.2022;3.7
28.11.2022;3.69
29.11.2022;3.69
02.12.2022;3.77
05.12.2022;3.81
06.12.2022;3.84
07.12.2022;3.83
08.12.2022;3.74
09.12.2022;3.78
12.12.2022;3.78
13.12.2022;3.77
14.12.2022;3.69
15.12.2022;3.67
16.12.2022;3.68
19.12.2022;3.72
20.12.2022;3.74
21.12.2022;3.72
22.12.2022;3.69
23.12.2022;3.71
27.12.2022;3.69
28.12.2022;3.48
29.12.2022;3.47
30.12.2022;3.48
03.01.2023;3.66
04.01.2023;3.66
05.01.2023;3.69
06.01.2023;3.67
09.01.2023;3.7
10.01.2023;3.67
11.01.2023;3.76
12.01.2023;3.74
13.01.2023;3.72
16.01.2023;3.65
17.01.2023;3.66
18.01.2023;3.63
19.01.2023;3.68
20.01.2023;3.71
23.01.2023;3.76
25.01.2023;3.76
26.01.2023;3.79
27.01.2023;3.72
30.01.2023;3.67
31.01.2023;3.7
01.02.2023;3.71
02.02.2023;3.74
03.02.2023;3.76
06.02.2023;3.74
07.02.2023;3.73
08.02.2023;3.74
09.02.2023;3.71
10.02.2023;3.71
13.02.2023;3.71
14.02.2023;3.68
15.02.2023;3.73
16.02.2023;3.76
17.02.2023;3.72
20.02.2023;3.72
21.02.2023;3.71
22.02.2023;3.67
23.02.2023;3.69
24.02.2023;3.71
27.02.2023;3.73
28.02.2023;3.73
01.03.2023;3.74
02.03.2023;3.82
03.03.2023;3.87
06.03.2023;3.92
07.03.2023;3.87
08.03.2023;3.76
09.03.2023;3.78
10.03.2023;3.74
13.03.2023;3.71
14.03.2023;3.78
15.03.2023;3.69
16.03.2023;3.71
17.03.2023;3.69
20.03.2023;3.66
21.03.2023;3.65
22.03.2023;3.52
23.03.2023;3.52
24.03.2023;3.51
27.03.2023;3.53
28.03.2023;3.57
29.03.2023;3.53
30.03.2023;3.52
31.03.2023;3.66
03.04.2023;3.65
04.04.2023;3.62
05.04.2023;3.63
06.04.2023;3.66
07.04.2023;3.61
10.04.2023;3.64
11.04.2023;3.65
12.04.2023;3.64
13.04.2023;3.65
18.04.2023;3.64
19.04.2023;3.64
20.04.2023;3.63
21.04.2023;3.62
24.04.2023;3.64
25.04.2023;3.63
26.04.2023;3.59
27.04.2023;3.58
28.04.2023;3.58
02.05.2023;3.53
03.05.2023;3.54
04.05.2023;3.53
05.05.2023;3.53
08.05.2023;3.53
09.05.2023;3.54
10.05.2023;3.53
11.05.2023;3.51
12.05.2023;3.53
15.05.2023;3.6
16.05.2023;3.65
17.05.2023;3.66
18.05.2023;3.65
19.05.2023;3.66
22.05.2023;3.65
23.05.2023;3.65
24.05.2023;3.66
25.05.2023;3.64
26.05.2023;3.68
29.05.2023;3.73
30.05.2023;3.76
31.05.2023;3.75
02.06.2023;3.74
06.06.2023;3.87
07.06.2023;3.9
08.06.2023;3.93
09.06.2023;3.92
12.06.2023;3.91
13.06.2023;3.85
14.06.2023;3.86
15.06.2023;3.85
16.06.2023;3.92
19.06.2023;3.92
20.06.2023;3.9
21.06.2023;3.85
22.06.2023;3.83
23.06.2023;3.86
26.06.2023;3.87
27.06.2023;3.89
28.06.2023;3.99
29.06.2023;4.13
30.06.2023;4.08
03.07.2023;4.08
04.07.2023;4.09
05.07.2023;4.2
06.07.2023;4.12
07.07.2023;4.14
10.07.2023;4.11
11.07.2023;4.11
12.07.2023;4.13
13.07.2023;4.09
14.07.2023;4.12
17.07.2023;4.13
18.07.2023;4.11
19.07.2023;4.09
20.07.2023;4.1
21.07.2023;4.08
24.07.2023;4.06
25.07.2023;4.09
26.07.2023;4.03
27.07.2023;4.11
28.07.2023;4.11
31.07.2023;4.06
01.08.2023;4.13
02.08.2023;4.14
03.08.2023;4
04.08.2023;4
07.08.2023;3.99
08.08.2023;3.97
09.08.2023;3.9
10.08.2023;3.96
11.08.2023;3.99
14.08.2023;3.98
16.08.2023;3.95
17.08.2023;3.88
18.08.2023;3.85
21.08.2023;3.86
22.08.2023;3.87
23.08.2023;3.9
24.08.2023;3.96
25.08.2023;3.9
28.08.2023;3.91
29.08.2023;3.98
30.08.2023;4.01
31.08.2023;4.05
01.09.2023;4.05
04.09.2023;4.09
05.09.2023;4.09
06.09.2023;4.16
07.09.2023;4.17
08.09.2023;4.21
11.09.2023;4.26
12.09.2023;4.29
13.09.2023;4.3
14.09.2023;4.3
15.09.2023;4.39
18.09.2023;4.4
19.09.2023;4.38
20.09.2023;4.41
21.09.2023;4.39
22.09.2023;4.41
25.09.2023;4.41
26.09.2023;4.34
27.09.2023;4.38
28.09.2023;4.44
29.09.2023;4.5
02.10.2023;4.47
03.10.2023;4.51
04.10.2023;4.43
05.10.2023;4.43
06.10.2023;4.4
09.10.2023;4.32
10.10.2023;4.45
11.10.2023;4.49
12.10.2023;4.51
13.10.2023;4.51
16.10.2023;4.5
17.10.2023;4.5
18.10.2023;4.57
19.10.2023;4.53
20.10.2023;4.51
23.10.2023;4.53
24.10.2023;4.58
25.10.2023;4.65
26.10.2023;4.66
27.10.2023;4.63
30.10.2023;4.6
31.10.2023;4.55
01.11.2023;4.56
02.11.2023;4.63
03.11.2023;4.63
06.11.2023;4.66
07.11.2023;4.67
08.11.2023;4.67
09.11.2023;4.65
10.11.2023;4.64
13.11.2023;4.65
14.11.2023;4.7
15.11.2023;4.78
16.11.2023;4.84
17.11.2023;4.89
20.11.2023;4.89
21.11.2023;4.96
22.11.2023;4.97
23.11.2023;4.95
24.11.2023;4.97
27.11.2023;4.93
28.11.2023;4.95
29.11.2023;4.8
04.12.2023;4.91
05.12.2023;4.89
06.12.2023;4.82
07.12.2023;4.91
08.12.2023;4.99
11.12.2023;4.99
12.12.2023;4.99
13.12.2023;5
14.12.2023;5.06
15.12.2023;5.1
18.12.2023;5.03
19.12.2023;5.08
20.12.2023;5.07
21.12.2023;4.95
22.12.2023;4.97
27.12.2023;4.97
28.12.2023;4.97
29.12.2023;5.01
03.01.2024;4.95
04.01.2024;4.98
05.01.2024;5.01
08.01.2024;5.03
09.01.2024;5.02
10.01.2024;5.05
11.01.2024;5.08
12.01.2024;5.12
15.01.2024;5.12
16.01.2024;5.17
17.01.2024;5.1
18.01.2024;5.05
19.01.2024;5.09
22.01.2024;5.13
23.01.2024;5.1
25.01.2024;5.08
26.01.2024;5
29.01.2024;5.01
30.01.2024;5.1
31.01.2024;5.12
01.02.2024;5.14
02.02.2024;5.17
05.02.2024;5.22
06.02.2024;5.27
07.02.2024;5.34
08.02.2024;5.31
09.02.2024;5.31
12.02.2024;5.35
13.02.2024;5.3
14.02.2024;5.29
15.02.2024;5.28
16.02.2024;5.3
19.02.2024;5.31
20.02.2024;5.21
21.02.2024;5.29
22.02.2024;5.26
23.02.2024;5.23
26.02.2024;5.23
27.02.2024;5.05
28.02.2024;5.06
29.02.2024;5
01.03.2024;4.95
04.03.2024;5.09
05.03.2024;5.09
06.03.2024;5.13
07.03.2024;5.08
08.03.2024;5.12
11.03.2024;5.11
12.03.2024;5.16
13.03.2024;5.18
14.03.2024;5.17
15.03.2024;5.2
18.03.2024;5.2
19.03.2024;5.21
20.03.2024;5.29
21.03.2024;5.38
22.03.2024;5.49
25.03.2024;5.46
26.03.2024;5.53
27.03.2024;5.53
28.03.2024;5.58
29.03.2024;5.61
01.04.2024;5.6
02.04.2024;5.64
03.04.2024;5.55
04.04.2024;5.54
05.04.2024;5.53
08.04.2024;5.53
09.04.2024;5.44
10.04.2024;5.41
11.04.2024;5.35
12.04.2024;5.25
15.04.2024;5.18
16.04.2024;5.17
17.04.2024;5.18
18.04.2024;5.18
19.04.2024;5.16
22.04.2024;5.1
23.04.2024;5.12
24.04.2024;5.2
25.04.2024;5.27
26.04.2024;5.22
29.04.2024;5.25
30.04.2024;5.25
02.05.2024;5.22
07.05.2024;5.25
08.05.2024;5.27
09.05.2024;5.3
10.05.2024;5.35
13.05.2024;5.24
14.05.2024;5.3
15.05.2024;5.39
16.05.2024;5.39
17.05.2024;5.52
20.05.2024;5.62
21.05.2024;5.63
22.05.2024;5.62
23.05.2024;5.51
24.05.2024;5.64
27.05.2024;5.87
28.05.2024;6.1
29.05.2024;6.13
30.05.2024;5.72
31.05.2024;5.43
03.06.2024;5.35
04.06.2024;5.56
05.06.2024;5.68
06.06.2024;5.83
07.06.2024;5.81
10.06.2024;5.71
11.06.2024;5.73
12.06.2024;5.72
13.06.2024;5.71
14.06.2024;5.71
17.06.2024;5.74
18.06.2024;5.76
19.06.2024;5.72
20.06.2024;5.79
21.06.2024;5.9
25.06.2024;5.85
26.06.2024;5.88
27.06.2024;5.9
28.06.2024;5.96
01.07.2024;5.95
02.07.2024;5.96
03.07.2024;5.97
04.07.2024;5.93
05.07.2024;5.94
08.07.2024;5.89
09.07.2024;5.8
10.07.2024;5.86
11.07.2024;5.9
12.07.2024;5.89
15.07.2024;5.9
16.07.2024;5.9
17.07.2024;5.9
18.07.2024;5.92
19.07.2024;5.93
22.07.2024;5.92
23.07.2024;5.96
24.07.2024;5.92
25.07.2024;5.86
26.07.2024;5.92
29.07.2024;5.87
30.07.2024;5.94
31.07.2024;5.93
01.08.2024;5.94
02.08.2024;5.9
05.08.2024;5.69
06.08.2024;5.75
07.08.2024;5.76
08.08.2024;5.7
09.08.2024;5.76
12.08.2024;5.84
13.08.2024;5.76
14.08.2024;5.78
16.08.2024;5.84
19.08.2024;5.84
20.08.2024;5.91
21.08.2024;5.94
22.08.2024;5.91
23.08.2024;5.96
26.08.2024;5.93
27.08.2024;5.89
28.08.2024;5.88
29.08.2024;5.92
30.08.2024;5.76
02.09.2024;5.74
03.09.2024;5.82
04.09.2024;5.83
05.09.2024;5.65
06.09.2024;5.48
09.09.2024;5.5
10.09.2024;5.37
11.09.2024;5.38
12.09.2024;5.36
13.09.2024;5.39
16.09.2024;5.5
17.09.2024;5.5
18.09.2024;5.47
19.09.2024;5.59
20.09.2024;5.53
23.09.2024;5.5
24.09.2024;5.52
25.09.2024;5.52
26.09.2024;5.52
27.09.2024;5.59
30.09.2024;5.56
01.10.2024;5.59
02.10.2024;5.6
03.10.2024;5.5
04.10.2024;5.55
07.10.2024;5.56
08.10.2024;5.52
09.10.2024;5.6
10.10.2024;5.56
11.10.2024;5.57
14.10.2024;5.53
15.10.2024;5.48
16.10.2024;5.49
17.10.2024;5.43
18.10.2024;5.42
21.10.2024;5.35
22.10.2024;5.35
23.10.2024;5.39
24.10.2024;5.43
25.10.2024;5.5
28.10.2024;5.5
29.10.2024;5.5
30.10.2024;5.48
31.10.2024;5.43
01.11.2024;5.39
04.11.2024;5.22
05.11.2024;5.22
06.11.2024;5.3
07.11.2024;5.33
08.11.2024;5.36
11.11.2024;5.4
12.11.2024;5.51
13.11.2024;5.55
14.11.2024;5.55
15.11.2024;5.49
18.11.2024;5.46
19.11.2024;5.3
20.11.2024;5.3
21.11.2024;5.3
22.11.2024;5.3
25.11.2024;5.35
26.11.2024;5.26
27.11.2024;5.27
28.11.2024;5.07
29.11.2024;4.99
02.12.2024;5.05
03.12.2024;5.02
04.12.2024;5.01
05.12.2024;5.05
06.12.2024;5.25
09.12.2024;5.36
10.12.2024;5.45
11.12.2024;5.54
12.12.2024;5.51
13.12.2024;5.49
16.12.2024;5.43
17.12.2024;5.43
18.12.2024;5.3
19.12.2024;5.28
20.12.2024;5.39
23.12.2024;5.37
27.12.2024;5.31
30.12.2024;5.14
