Date_SNP;Close_SNP
03.01.2014;0.184
06.01.2014;0.1839
07.01.2014;0.1842
08.01.2014;0.1844
09.01.2014;0.1867
10.01.2014;0.1875
13.01.2014;0.1875
14.01.2014;0.1871
15.01.2014;0.1883
16.01.2014;0.1895
17.01.2014;0.1906
20.01.2014;0.1903
21.01.2014;0.1906
22.01.2014;0.1906
23.01.2014;0.1893
24.01.2014;0.1887
27.01.2014;0.1868
28.01.2014;0.1871
29.01.2014;0.184
30.01.2014;0.1859
31.01.2014;0.1832
03.02.2014;0.1847
04.02.2014;0.1847
05.02.2014;0.1836
06.02.2014;0.183
07.02.2014;0.1828
10.02.2014;0.1832
11.02.2014;0.1828
12.02.2014;0.1827
13.02.2014;0.182
14.02.2014;0.1775
17.02.2014;0.1816
18.02.2014;0.1824
19.02.2014;0.1796
20.02.2014;0.1803
21.02.2014;0.1832
24.02.2014;0.1805
25.02.2014;0.1799
26.02.2014;0.1756
27.02.2014;0.1761
28.02.2014;0.1785
03.03.2014;0.1702
04.03.2014;0.1722
05.03.2014;0.173
06.03.2014;0.173
07.03.2014;0.1726
10.03.2014;0.172
11.03.2014;0.1708
12.03.2014;0.1675
13.03.2014;0.1706
14.03.2014;0.1694
17.03.2014;0.1716
18.03.2014;0.173
19.03.2014;0.173
20.03.2014;0.173
21.03.2014;0.1691
24.03.2014;0.1725
25.03.2014;0.1726
26.03.2014;0.1726
27.03.2014;0.171
28.03.2014;0.169
31.03.2014;0.1678
01.04.2014;0.1678
02.04.2014;0.1719
03.04.2014;0.1725
04.04.2014;0.1734
07.04.2014;0.1749
08.04.2014;0.1749
09.04.2014;0.1757
10.04.2014;0.1781
11.04.2014;0.1739
14.04.2014;0.1737
15.04.2014;0.1769
16.04.2014;0.1769
17.04.2014;0.1763
18.04.2014;0.1776
21.04.2014;0.1776
22.04.2014;0.1787
23.04.2014;0.1769
24.04.2014;0.1765
25.04.2014;0.175
28.04.2014;0.1741
29.04.2014;0.1741
30.04.2014;0.1789
01.05.2014;0.1789
02.05.2014;0.1789
05.05.2014;0.1791
06.05.2014;0.1792
07.05.2014;0.1794
08.05.2014;0.182
09.05.2014;0.1828
12.05.2014;0.1816
13.05.2014;0.1806
14.05.2014;0.1839
15.05.2014;0.185
16.05.2014;0.1849
19.05.2014;0.1849
20.05.2014;0.1812
21.05.2014;0.1778
22.05.2014;0.1774
23.05.2014;0.1805
26.05.2014;0.1803
27.05.2014;0.1812
28.05.2014;0.181
29.05.2014;0.1833
30.05.2014;0.1854
02.06.2014;0.1844
03.06.2014;0.1843
04.06.2014;0.185
05.06.2014;0.1842
06.06.2014;0.1853
09.06.2014;0.1853
10.06.2014;0.1862
11.06.2014;0.1866
12.06.2014;0.1895
13.06.2014;0.1904
16.06.2014;0.1915
17.06.2014;0.1904
18.06.2014;0.1904
19.06.2014;0.1913
20.06.2014;0.1915
23.06.2014;0.1915
24.06.2014;0.1981
25.06.2014;0.1984
26.06.2014;0.198
27.06.2014;0.197
30.06.2014;0.2031
01.07.2014;0.2027
02.07.2014;0.2037
03.07.2014;0.2043
04.07.2014;0.2032
07.07.2014;0.2002
08.07.2014;0.1997
09.07.2014;0.196
10.07.2014;0.1967
11.07.2014;0.1987
14.07.2014;0.2048
15.07.2014;0.2043
16.07.2014;0.2048
17.07.2014;0.2041
18.07.2014;0.1998
21.07.2014;0.1997
22.07.2014;0.2022
23.07.2014;0.2022
24.07.2014;0.2043
25.07.2014;0.2041
28.07.2014;0.201
29.07.2014;0.2006
30.07.2014;0.2033
31.07.2014;0.2022
01.08.2014;0.2022
04.08.2014;0.2022
05.08.2014;0.2035
06.08.2014;0.201
07.08.2014;0.2011
08.08.2014;0.1998
11.08.2014;0.2008
12.08.2014;0.2001
13.08.2014;0.2006
14.08.2014;0.1985
15.08.2014;0.1985
18.08.2014;0.204
19.08.2014;0.2041
20.08.2014;0.2039
21.08.2014;0.206
22.08.2014;0.2043
25.08.2014;0.2027
26.08.2014;0.2027
27.08.2014;0.2024
28.08.2014;0.2031
29.08.2014;0.2065
01.09.2014;0.2023
02.09.2014;0.2039
03.09.2014;0.2036
04.09.2014;0.2022
05.09.2014;0.201
08.09.2014;0.2014
09.09.2014;0.201
10.09.2014;0.2022
11.09.2014;0.1993
12.09.2014;0.1991
15.09.2014;0.1997
16.09.2014;0.1955
17.09.2014;0.1936
18.09.2014;0.1967
19.09.2014;0.1928
22.09.2014;0.1969
23.09.2014;0.198
24.09.2014;0.1971
25.09.2014;0.198
26.09.2014;0.1978
29.09.2014;0.1976
30.09.2014;0.1982
01.10.2014;0.1968
02.10.2014;0.1938
03.10.2014;0.1936
06.10.2014;0.1936
07.10.2014;0.1936
08.10.2014;0.1905
09.10.2014;0.1904
10.10.2014;0.1862
13.10.2014;0.185
14.10.2014;0.1859
15.10.2014;0.1854
16.10.2014;0.1791
17.10.2014;0.1808
20.10.2014;0.1803
21.10.2014;0.182
22.10.2014;0.1833
23.10.2014;0.1846
24.10.2014;0.185
27.10.2014;0.1864
28.10.2014;0.184
29.10.2014;0.1834
30.10.2014;0.1841
31.10.2014;0.1845
03.11.2014;0.1824
04.11.2014;0.1803
05.11.2014;0.178
06.11.2014;0.1786
07.11.2014;0.1799
10.11.2014;0.1804
11.11.2014;0.1803
12.11.2014;0.1794
13.11.2014;0.1791
14.11.2014;0.1795
17.11.2014;0.1811
18.11.2014;0.1791
19.11.2014;0.1802
20.11.2014;0.1802
21.11.2014;0.1809
24.11.2014;0.1799
25.11.2014;0.1812
26.11.2014;0.1812
27.11.2014;0.18
28.11.2014;0.1761
01.12.2014;0.1761
02.12.2014;0.1746
03.12.2014;0.177
04.12.2014;0.1788
05.12.2014;0.1749
08.12.2014;0.1736
09.12.2014;0.1711
10.12.2014;0.169
11.12.2014;0.1651
12.12.2014;0.1625
15.12.2014;0.1633
16.12.2014;0.1619
17.12.2014;0.1559
18.12.2014;0.1623
19.12.2014;0.1618
22.12.2014;0.1685
23.12.2014;0.1685
24.12.2014;0.1685
25.12.2014;0.1685
26.12.2014;0.1685
29.12.2014;0.1748
30.12.2014;0.1719
31.12.2014;0.1719
01.01.2015;0.1719
02.01.2015;0.1719
05.01.2015;0.166
06.01.2015;0.1626
07.01.2015;0.1668
08.01.2015;0.1668
09.01.2015;0.1626
12.01.2015;0.1622
13.01.2015;0.1664
14.01.2015;0.1622
15.01.2015;0.1597
16.01.2015;0.1597
19.01.2015;0.1571
20.01.2015;0.1572
21.01.2015;0.1555
22.01.2015;0.1559
23.01.2015;0.156
26.01.2015;0.153
27.01.2015;0.1525
28.01.2015;0.1532
29.01.2015;0.1527
30.01.2015;0.1524
02.02.2015;0.1533
03.02.2015;0.1538
04.02.2015;0.1557
05.02.2015;0.1555
06.02.2015;0.1557
09.02.2015;0.1557
10.02.2015;0.1556
11.02.2015;0.1538
12.02.2015;0.1537
13.02.2015;0.1557
16.02.2015;0.1593
17.02.2015;0.1584
18.02.2015;0.1616
19.02.2015;0.1583
20.02.2015;0.1599
23.02.2015;0.1601
24.02.2015;0.1606
25.02.2015;0.1584
26.02.2015;0.1601
27.02.2015;0.158
02.03.2015;0.158
03.03.2015;0.1563
04.03.2015;0.1563
05.03.2015;0.1555
06.03.2015;0.1538
09.03.2015;0.1534
10.03.2015;0.153
11.03.2015;0.1534
12.03.2015;0.1558
13.03.2015;0.1542
16.03.2015;0.1515
17.03.2015;0.1516
18.03.2015;0.1499
19.03.2015;0.1512
20.03.2015;0.1483
23.03.2015;0.1516
24.03.2015;0.1525
25.03.2015;0.1504
26.03.2015;0.1529
27.03.2015;0.1509
30.03.2015;0.1535
31.03.2015;0.1531
01.04.2015;0.1517
02.04.2015;0.1517
03.04.2015;0.1475
06.04.2015;0.1489
07.04.2015;0.1481
08.04.2015;0.1496
09.04.2015;0.1534
10.04.2015;0.154
13.04.2015;0.154
14.04.2015;0.1554
15.04.2015;0.1572
16.04.2015;0.1598
17.04.2015;0.1696
20.04.2015;0.1644
21.04.2015;0.1629
22.04.2015;0.1612
23.04.2015;0.1639
24.04.2015;0.1646
27.04.2015;0.1653
28.04.2015;0.164
29.04.2015;0.1623
30.04.2015;0.1652
01.05.2015;0.1652
04.05.2015;0.1673
05.05.2015;0.1684
06.05.2015;0.1682
07.05.2015;0.1675
08.05.2015;0.1674
11.05.2015;0.1664
12.05.2015;0.1664
13.05.2015;0.166
14.05.2015;0.1643
15.05.2015;0.1638
18.05.2015;0.1631
19.05.2015;0.1631
20.05.2015;0.1655
21.05.2015;0.1627
22.05.2015;0.1635
25.05.2015;0.1623
26.05.2015;0.1621
27.05.2015;0.1617
28.05.2015;0.1614
29.05.2015;0.1648
01.06.2015;0.1648
02.06.2015;0.1627
03.06.2015;0.1615
04.06.2015;0.1605
05.06.2015;0.1597
08.06.2015;0.1584
09.06.2015;0.1583
10.06.2015;0.1589
11.06.2015;0.1595
12.06.2015;0.1595
15.06.2015;0.1584
16.06.2015;0.1571
17.06.2015;0.1569
18.06.2015;0.1579
19.06.2015;0.1597
22.06.2015;0.1601
23.06.2015;0.1619
24.06.2015;0.1647
25.06.2015;0.1658
26.06.2015;0.1666
29.06.2015;0.1644
30.06.2015;0.1635
01.07.2015;0.1657
02.07.2015;0.161
03.07.2015;0.1634
06.07.2015;0.1626
07.07.2015;0.1618
08.07.2015;0.1611
09.07.2015;0.1619
10.07.2015;0.1657
13.07.2015;0.167
14.07.2015;0.1671
15.07.2015;0.1702
16.07.2015;0.1696
17.07.2015;0.1693
20.07.2015;0.1705
21.07.2015;0.1701
22.07.2015;0.1694
23.07.2015;0.1686
24.07.2015;0.1692
27.07.2015;0.1704
28.07.2015;0.1696
29.07.2015;0.1692
30.07.2015;0.1698
31.07.2015;0.1701
03.08.2015;0.1671
04.08.2015;0.167
05.08.2015;0.167
06.08.2015;0.1653
07.08.2015;0.1648
10.08.2015;0.1693
11.08.2015;0.1681
12.08.2015;0.1673
13.08.2015;0.167
14.08.2015;0.168
17.08.2015;0.1627
18.08.2015;0.1644
19.08.2015;0.1631
20.08.2015;0.1618
21.08.2015;0.1605
24.08.2015;0.1467
25.08.2015;0.1518
26.08.2015;0.1519
27.08.2015;0.1527
28.08.2015;0.1506
31.08.2015;0.1497
01.09.2015;0.1497
02.09.2015;0.1484
03.09.2015;0.1506
04.09.2015;0.1514
07.09.2015;0.1503
08.09.2015;0.1499
09.09.2015;0.1506
10.09.2015;0.1497
11.09.2015;0.1482
14.09.2015;0.1512
15.09.2015;0.1497
16.09.2015;0.1497
17.09.2015;0.1497
18.09.2015;0.1482
21.09.2015;0.1497
22.09.2015;0.1482
23.09.2015;0.1488
24.09.2015;0.1477
25.09.2015;0.1499
28.09.2015;0.1475
29.09.2015;0.1473
30.09.2015;0.1454
01.10.2015;0.1445
02.10.2015;0.144
05.10.2015;0.1454
06.10.2015;0.1427
07.10.2015;0.144
08.10.2015;0.1456
09.10.2015;0.1482
12.10.2015;0.1486
13.10.2015;0.1449
14.10.2015;0.1432
15.10.2015;0.1445
16.10.2015;0.1445
19.10.2015;0.1443
20.10.2015;0.1436
21.10.2015;0.1432
22.10.2015;0.1427
23.10.2015;0.143
26.10.2015;0.1432
27.10.2015;0.1388
28.10.2015;0.1391
29.10.2015;0.141
30.10.2015;0.1408
02.11.2015;0.1404
03.11.2015;0.1397
04.11.2015;0.1414
05.11.2015;0.141
06.11.2015;0.1404
09.11.2015;0.1371
10.11.2015;0.1373
11.11.2015;0.1358
12.11.2015;0.1369
13.11.2015;0.1417
16.11.2015;0.1367
17.11.2015;0.1347
18.11.2015;0.1326
19.11.2015;0.1302
20.11.2015;0.1315
23.11.2015;0.1345
24.11.2015;0.1328
25.11.2015;0.1339
26.11.2015;0.1339
27.11.2015;0.1315
30.11.2015;0.1315
01.12.2015;0.1315
02.12.2015;0.1293
03.12.2015;0.1302
04.12.2015;0.1297
07.12.2015;0.1341
08.12.2015;0.1315
09.12.2015;0.1302
10.12.2015;0.1302
11.12.2015;0.1289
14.12.2015;0.1269
15.12.2015;0.1271
16.12.2015;0.1258
17.12.2015;0.1256
18.12.2015;0.1265
21.12.2015;0.1308
22.12.2015;0.1304
23.12.2015;0.1293
24.12.2015;0.1302
25.12.2015;0.1293
28.12.2015;0.128
29.12.2015;0.128
30.12.2015;0.1258
31.12.2015;0.126
01.01.2016;0.1258
04.01.2016;0.1265
05.01.2016;0.1258
06.01.2016;0.1237
07.01.2016;0.1206
08.01.2016;0.1198
11.01.2016;0.1189
12.01.2016;0.1189
13.01.2016;0.1187
14.01.2016;0.115
15.01.2016;0.1119
18.01.2016;0.1033
19.01.2016;0.1054
20.01.2016;0.1054
21.01.2016;0.1085
22.01.2016;0.1087
25.01.2016;0.1072
26.01.2016;0.1059
27.01.2016;0.1063
28.01.2016;0.107
29.01.2016;0.1076
01.02.2016;0.1065
02.02.2016;0.1041
03.02.2016;0.1024
04.02.2016;0.105
05.02.2016;0.105
08.02.2016;0.1028
09.02.2016;0.102
10.02.2016;0.0989
11.02.2016;0.095
12.02.2016;0.0935
15.02.2016;0.0942
16.02.2016;0.0944
17.02.2016;0.0944
18.02.2016;0.0961
19.02.2016;0.0978
22.02.2016;0.1011
23.02.2016;0.1041
24.02.2016;0.1015
25.02.2016;0.1041
26.02.2016;0.1078
29.02.2016;0.1026
01.03.2016;0.1052
02.03.2016;0.1041
03.03.2016;0.105
04.03.2016;0.1052
07.03.2016;0.1115
08.03.2016;0.1132
09.03.2016;0.1122
10.03.2016;0.11
11.03.2016;0.1106
14.03.2016;0.1102
15.03.2016;0.1093
16.03.2016;0.1106
17.03.2016;0.1098
18.03.2016;0.1085
21.03.2016;0.1093
22.03.2016;0.1072
23.03.2016;0.1072
24.03.2016;0.105
25.03.2016;0.1054
28.03.2016;0.105
29.03.2016;0.1043
30.03.2016;0.1037
31.03.2016;0.1041
01.04.2016;0.1037
04.04.2016;0.1033
05.04.2016;0.1015
06.04.2016;0.1017
07.04.2016;0.102
08.04.2016;0.102
11.04.2016;0.102
12.04.2016;0.1024
13.04.2016;0.1035
14.04.2016;0.103
15.04.2016;0.1026
18.04.2016;0.1007
19.04.2016;0.1007
20.04.2016;0.1007
21.04.2016;0.1004
22.04.2016;0.1011
25.04.2016;0.1026
26.04.2016;0.1015
27.04.2016;0.1007
28.04.2016;0.102
29.04.2016;0.0998
02.05.2016;0.0998
03.05.2016;0.0989
04.05.2016;0.0989
05.05.2016;0.0998
06.05.2016;0.0998
09.05.2016;0.0996
10.05.2016;0.1002
11.05.2016;0.0998
12.05.2016;0.0996
13.05.2016;0.0998
16.05.2016;0.0998
17.05.2016;0.0994
18.05.2016;0.0991
19.05.2016;0.0976
20.05.2016;0.0989
23.05.2016;0.0981
24.05.2016;0.0989
25.05.2016;0.0998
26.05.2016;0.1002
27.05.2016;0.1002
30.05.2016;0.1002
31.05.2016;0.0961
01.06.2016;0.0991
02.06.2016;0.1002
03.06.2016;0.1028
06.06.2016;0.1054
07.06.2016;0.1098
08.06.2016;0.1122
09.06.2016;0.1096
10.06.2016;0.1076
13.06.2016;0.1074
14.06.2016;0.1072
15.06.2016;0.108
16.06.2016;0.1046
17.06.2016;0.1059
20.06.2016;0.1059
21.06.2016;0.1085
22.06.2016;0.108
23.06.2016;0.108
24.06.2016;0.1046
27.06.2016;0.1037
28.06.2016;0.1063
29.06.2016;0.1065
30.06.2016;0.1041
01.07.2016;0.105
04.07.2016;0.1076
05.07.2016;0.1085
06.07.2016;0.1087
07.07.2016;0.1085
08.07.2016;0.108
11.07.2016;0.1087
12.07.2016;0.1111
13.07.2016;0.1141
14.07.2016;0.1148
15.07.2016;0.1132
18.07.2016;0.1119
19.07.2016;0.1128
20.07.2016;0.1126
21.07.2016;0.1124
22.07.2016;0.1128
25.07.2016;0.1128
26.07.2016;0.1124
27.07.2016;0.1128
28.07.2016;0.1119
29.07.2016;0.1111
01.08.2016;0.1128
02.08.2016;0.1106
03.08.2016;0.1106
04.08.2016;0.1115
05.08.2016;0.1119
08.08.2016;0.1141
09.08.2016;0.1145
10.08.2016;0.1104
11.08.2016;0.1102
12.08.2016;0.1104
15.08.2016;0.1104
16.08.2016;0.1122
17.08.2016;0.1117
18.08.2016;0.1117
19.08.2016;0.1124
22.08.2016;0.1124
23.08.2016;0.1122
24.08.2016;0.1126
25.08.2016;0.1128
26.08.2016;0.1124
29.08.2016;0.1128
30.08.2016;0.1124
31.08.2016;0.1111
01.09.2016;0.1117
02.09.2016;0.1111
05.09.2016;0.1124
06.09.2016;0.1117
07.09.2016;0.1117
08.09.2016;0.1111
09.09.2016;0.1104
12.09.2016;0.1091
13.09.2016;0.1089
14.09.2016;0.1083
15.09.2016;0.1085
16.09.2016;0.11
19.09.2016;0.1085
20.09.2016;0.1098
21.09.2016;0.1119
22.09.2016;0.1124
23.09.2016;0.1085
26.09.2016;0.107
27.09.2016;0.1052
28.09.2016;0.1054
29.09.2016;0.1063
30.09.2016;0.1059
03.10.2016;0.1054
04.10.2016;0.1059
05.10.2016;0.1043
06.10.2016;0.1028
07.10.2016;0.1026
10.10.2016;0.1013
11.10.2016;0.1024
12.10.2016;0.1024
13.10.2016;0.0981
14.10.2016;0.0998
17.10.2016;0.0976
18.10.2016;0.0994
19.10.2016;0.1011
20.10.2016;0.103
21.10.2016;0.1009
24.10.2016;0.1004
25.10.2016;0.0998
26.10.2016;0.0985
27.10.2016;0.1004
28.10.2016;0.0996
31.10.2016;0.0978
01.11.2016;0.0983
02.11.2016;0.0972
03.11.2016;0.0978
04.11.2016;0.0968
07.11.2016;0.0987
08.11.2016;0.0989
09.11.2016;0.0994
10.11.2016;0.0989
11.11.2016;0.0978
14.11.2016;0.0985
15.11.2016;0.0989
16.11.2016;0.0985
17.11.2016;0.0987
18.11.2016;0.0976
21.11.2016;0.0981
22.11.2016;0.0985
23.11.2016;0.0983
24.11.2016;0.0989
25.11.2016;0.0987
28.11.2016;0.0976
29.11.2016;0.0998
30.11.2016;0.0998
01.12.2016;0.0998
02.12.2016;0.1039
05.12.2016;0.1028
06.12.2016;0.102
07.12.2016;0.102
08.12.2016;0.1015
09.12.2016;0.1022
12.12.2016;0.1054
13.12.2016;0.1074
14.12.2016;0.1096
15.12.2016;0.1091
16.12.2016;0.113
19.12.2016;0.1141
20.12.2016;0.1135
21.12.2016;0.1135
22.12.2016;0.1132
23.12.2016;0.1132
26.12.2016;0.1132
27.12.2016;0.113
28.12.2016;0.1128
29.12.2016;0.1135
30.12.2016;0.1132
02.01.2017;0.1132
03.01.2017;0.1204
04.01.2017;0.1217
05.01.2017;0.1215
06.01.2017;0.1224
09.01.2017;0.1245
10.01.2017;0.1241
11.01.2017;0.1247
12.01.2017;0.1232
13.01.2017;0.1215
16.01.2017;0.1204
17.01.2017;0.1215
18.01.2017;0.1204
19.01.2017;0.1228
20.01.2017;0.1254
23.01.2017;0.1237
24.01.2017;0.1237
25.01.2017;0.1241
26.01.2017;0.1243
27.01.2017;0.1228
30.01.2017;0.1228
31.01.2017;0.1228
01.02.2017;0.1228
02.02.2017;0.1224
03.02.2017;0.1228
06.02.2017;0.1241
07.02.2017;0.1237
08.02.2017;0.1226
09.02.2017;0.1228
10.02.2017;0.123
13.02.2017;0.123
14.02.2017;0.1215
15.02.2017;0.1237
16.02.2017;0.1241
17.02.2017;0.1232
20.02.2017;0.1237
21.02.2017;0.128
22.02.2017;0.1315
23.02.2017;0.1326
24.02.2017;0.1306
27.02.2017;0.1321
28.02.2017;0.1297
01.03.2017;0.1332
02.03.2017;0.1315
03.03.2017;0.1297
06.03.2017;0.1299
07.03.2017;0.1297
08.03.2017;0.1302
09.03.2017;0.1284
10.03.2017;0.1291
13.03.2017;0.1289
14.03.2017;0.1286
15.03.2017;0.1323
16.03.2017;0.131
17.03.2017;0.1326
20.03.2017;0.1319
21.03.2017;0.1302
22.03.2017;0.131
23.03.2017;0.131
24.03.2017;0.1313
27.03.2017;0.1313
28.03.2017;0.1317
29.03.2017;0.131
30.03.2017;0.1319
31.03.2017;0.1313
03.04.2017;0.1321
04.04.2017;0.1345
05.04.2017;0.1365
06.04.2017;0.1367
07.04.2017;0.1373
10.04.2017;0.1365
11.04.2017;0.1356
12.04.2017;0.138
13.04.2017;0.1382
14.04.2017;0.138
17.04.2017;0.138
18.04.2017;0.1378
19.04.2017;0.1388
20.04.2017;0.1401
21.04.2017;0.1397
24.04.2017;0.1406
25.04.2017;0.1401
26.04.2017;0.1388
27.04.2017;0.138
28.04.2017;0.1397
01.05.2017;0.1397
02.05.2017;0.1397
03.05.2017;0.1401
04.05.2017;0.1395
05.05.2017;0.1391
08.05.2017;0.1397
09.05.2017;0.1391
10.05.2017;0.1397
11.05.2017;0.1401
12.05.2017;0.1414
15.05.2017;0.1436
16.05.2017;0.1456
17.05.2017;0.1454
18.05.2017;0.1445
19.05.2017;0.146
22.05.2017;0.1483
23.05.2017;0.1494
24.05.2017;0.1503
25.05.2017;0.1508
26.05.2017;0.1499
29.05.2017;0.1494
30.05.2017;0.1471
31.05.2017;0.1496
01.06.2017;0.1496
02.06.2017;0.1496
05.06.2017;0.1496
06.06.2017;0.1499
07.06.2017;0.1499
08.06.2017;0.1503
09.06.2017;0.1501
12.06.2017;0.1499
13.06.2017;0.1505
14.06.2017;0.1508
15.06.2017;0.1485
16.06.2017;0.1485
19.06.2017;0.1455
20.06.2017;0.141
21.06.2017;0.1396
22.06.2017;0.1376
23.06.2017;0.1376
26.06.2017;0.1369
27.06.2017;0.1369
28.06.2017;0.1369
29.06.2017;0.1322
30.06.2017;0.1287
03.07.2017;0.1283
04.07.2017;0.1328
05.07.2017;0.1383
06.07.2017;0.1381
07.07.2017;0.1351
10.07.2017;0.136
11.07.2017;0.1367
12.07.2017;0.139
13.07.2017;0.1399
14.07.2017;0.139
17.07.2017;0.139
18.07.2017;0.1396
19.07.2017;0.1403
20.07.2017;0.1433
21.07.2017;0.1453
24.07.2017;0.1446
25.07.2017;0.1451
26.07.2017;0.1437
27.07.2017;0.1453
28.07.2017;0.1453
31.07.2017;0.1433
01.08.2017;0.144
02.08.2017;0.144
03.08.2017;0.1471
04.08.2017;0.1453
07.08.2017;0.1478
08.08.2017;0.148
09.08.2017;0.1453
10.08.2017;0.1462
11.08.2017;0.1462
14.08.2017;0.1471
15.08.2017;0.1471
16.08.2017;0.1453
17.08.2017;0.1442
18.08.2017;0.1435
21.08.2017;0.1435
22.08.2017;0.1435
23.08.2017;0.1435
24.08.2017;0.1431
25.08.2017;0.144
28.08.2017;0.144
29.08.2017;0.1433
30.08.2017;0.1426
31.08.2017;0.1362
01.09.2017;0.1381
04.09.2017;0.1362
05.09.2017;0.1381
06.09.2017;0.1362
07.09.2017;0.1356
08.09.2017;0.1326
11.09.2017;0.1365
12.09.2017;0.1356
13.09.2017;0.1356
14.09.2017;0.1349
15.09.2017;0.1322
18.09.2017;0.1331
19.09.2017;0.1326
20.09.2017;0.1294
21.09.2017;0.1285
22.09.2017;0.1285
25.09.2017;0.1294
26.09.2017;0.1326
27.09.2017;0.1317
28.09.2017;0.1317
29.09.2017;0.1312
02.10.2017;0.1308
03.10.2017;0.1303
04.10.2017;0.1317
05.10.2017;0.1315
06.10.2017;0.1308
09.10.2017;0.1306
10.10.2017;0.131
11.10.2017;0.131
12.10.2017;0.1308
13.10.2017;0.1315
16.10.2017;0.1312
17.10.2017;0.1306
18.10.2017;0.1317
19.10.2017;0.1301
20.10.2017;0.1294
23.10.2017;0.1285
24.10.2017;0.1294
25.10.2017;0.129
26.10.2017;0.129
27.10.2017;0.1287
30.10.2017;0.131
31.10.2017;0.1299
01.11.2017;0.129
02.11.2017;0.129
03.11.2017;0.1303
06.11.2017;0.1312
07.11.2017;0.1337
08.11.2017;0.1333
09.11.2017;0.1315
10.11.2017;0.1315
13.11.2017;0.1312
14.11.2017;0.1315
15.11.2017;0.1303
16.11.2017;0.1297
17.11.2017;0.131
20.11.2017;0.1312
21.11.2017;0.1312
22.11.2017;0.1285
23.11.2017;0.131
24.11.2017;0.1303
27.11.2017;0.1294
28.11.2017;0.1306
29.11.2017;0.1303
30.11.2017;0.1303
01.12.2017;0.1303
04.12.2017;0.1312
05.12.2017;0.1287
06.12.2017;0.1287
07.12.2017;0.1278
08.12.2017;0.1285
11.12.2017;0.1276
12.12.2017;0.1272
13.12.2017;0.1276
14.12.2017;0.1285
15.12.2017;0.1272
18.12.2017;0.1272
19.12.2017;0.1285
20.12.2017;0.1276
21.12.2017;0.1272
22.12.2017;0.1281
25.12.2017;0.1281
27.12.2017;0.1283
28.12.2017;0.1285
29.12.2017;0.1299
01.01.2018;0.1299
02.01.2018;0.1299
03.01.2018;0.1331
04.01.2018;0.1362
05.01.2018;0.1376
08.01.2018;0.1367
09.01.2018;0.1376
10.01.2018;0.1385
11.01.2018;0.1406
12.01.2018;0.1408
15.01.2018;0.1394
16.01.2018;0.1394
17.01.2018;0.1426
18.01.2018;0.1446
19.01.2018;0.1417
22.01.2018;0.1424
23.01.2018;0.1403
24.01.2018;0.1403
25.01.2018;0.1408
26.01.2018;0.1403
29.01.2018;0.1408
30.01.2018;0.1401
31.01.2018;0.1392
01.02.2018;0.1387
02.02.2018;0.1369
05.02.2018;0.1369
06.02.2018;0.134
07.02.2018;0.1317
08.02.2018;0.1328
09.02.2018;0.1317
12.02.2018;0.1337
13.02.2018;0.1351
14.02.2018;0.1356
15.02.2018;0.1356
16.02.2018;0.1399
19.02.2018;0.1399
20.02.2018;0.1399
21.02.2018;0.1383
22.02.2018;0.1378
23.02.2018;0.1399
26.02.2018;0.1392
27.02.2018;0.1394
28.02.2018;0.1408
01.03.2018;0.1392
02.03.2018;0.1387
05.03.2018;0.1387
06.03.2018;0.1387
07.03.2018;0.1378
08.03.2018;0.139
09.03.2018;0.1396
12.03.2018;0.1399
13.03.2018;0.1399
14.03.2018;0.139
15.03.2018;0.1394
16.03.2018;0.1403
19.03.2018;0.1403
20.03.2018;0.141
21.03.2018;0.1451
22.03.2018;0.1421
23.03.2018;0.1412
26.03.2018;0.1419
27.03.2018;0.1449
28.03.2018;0.1446
29.03.2018;0.144
30.03.2018;0.1444
02.04.2018;0.146
03.04.2018;0.146
04.04.2018;0.148
05.04.2018;0.1505
06.04.2018;0.1505
09.04.2018;0.1505
10.04.2018;0.1512
11.04.2018;0.1546
12.04.2018;0.1576
13.04.2018;0.1524
16.04.2018;0.1544
17.04.2018;0.1544
18.04.2018;0.1569
19.04.2018;0.1587
20.04.2018;0.1599
23.04.2018;0.161
24.04.2018;0.1628
25.04.2018;0.1612
26.04.2018;0.1589
27.04.2018;0.1576
30.04.2018;0.1555
01.05.2018;0.1555
02.05.2018;0.1587
03.05.2018;0.1589
04.05.2018;0.1583
07.05.2018;0.1619
08.05.2018;0.1619
09.05.2018;0.1628
10.05.2018;0.1658
11.05.2018;0.1658
14.05.2018;0.1658
15.05.2018;0.1658
16.05.2018;0.1596
17.05.2018;0.1585
18.05.2018;0.1564
21.05.2018;0.1539
22.05.2018;0.1558
23.05.2018;0.1546
24.05.2018;0.1549
25.05.2018;0.1517
28.05.2018;0.1517
29.05.2018;0.1496
30.05.2018;0.1472
31.05.2018;0.1476
01.06.2018;0.1476
04.06.2018;0.1496
05.06.2018;0.1566
06.06.2018;0.158
07.06.2018;0.1558
08.06.2018;0.1582
11.06.2018;0.1568
12.06.2018;0.1573
13.06.2018;0.1568
14.06.2018;0.1515
15.06.2018;0.1534
18.06.2018;0.1532
19.06.2018;0.151
20.06.2018;0.1539
21.06.2018;0.1529
22.06.2018;0.152
25.06.2018;0.1476
26.06.2018;0.1481
27.06.2018;0.1491
28.06.2018;0.151
29.06.2018;0.1546
02.07.2018;0.1556
03.07.2018;0.1568
04.07.2018;0.158
05.07.2018;0.1563
06.07.2018;0.1578
09.07.2018;0.1587
10.07.2018;0.1585
11.07.2018;0.1546
12.07.2018;0.1556
13.07.2018;0.1568
16.07.2018;0.1563
17.07.2018;0.1563
18.07.2018;0.1558
19.07.2018;0.1486
20.07.2018;0.152
23.07.2018;0.1534
24.07.2018;0.1554
25.07.2018;0.1539
26.07.2018;0.1544
27.07.2018;0.1556
30.07.2018;0.157
31.07.2018;0.1534
01.08.2018;0.1549
02.08.2018;0.1534
03.08.2018;0.1561
06.08.2018;0.1587
07.08.2018;0.1582
08.08.2018;0.1602
09.08.2018;0.1602
10.08.2018;0.158
13.08.2018;0.1549
14.08.2018;0.1534
15.08.2018;0.1534
16.08.2018;0.1549
17.08.2018;0.1568
20.08.2018;0.159
21.08.2018;0.1587
22.08.2018;0.1587
23.08.2018;0.1592
24.08.2018;0.1597
27.08.2018;0.1592
28.08.2018;0.1631
29.08.2018;0.1626
30.08.2018;0.1626
31.08.2018;0.1582
03.09.2018;0.1599
04.09.2018;0.1607
05.09.2018;0.1607
06.09.2018;0.1616
07.09.2018;0.1614
10.09.2018;0.1631
11.09.2018;0.1614
12.09.2018;0.1624
13.09.2018;0.1624
14.09.2018;0.1611
17.09.2018;0.1626
18.09.2018;0.1665
19.09.2018;0.1674
20.09.2018;0.1737
21.09.2018;0.1785
24.09.2018;0.1761
25.09.2018;0.1739
26.09.2018;0.1732
27.09.2018;0.1749
28.09.2018;0.1749
01.10.2018;0.1749
02.10.2018;0.178
03.10.2018;0.1783
04.10.2018;0.1788
05.10.2018;0.1821
08.10.2018;0.1821
09.10.2018;0.1838
10.10.2018;0.1838
11.10.2018;0.1819
12.10.2018;0.1824
15.10.2018;0.1848
16.10.2018;0.1889
17.10.2018;0.1896
18.10.2018;0.1896
19.10.2018;0.1906
22.10.2018;0.1899
23.10.2018;0.1906
24.10.2018;0.1886
25.10.2018;0.1814
26.10.2018;0.178
29.10.2018;0.1841
30.10.2018;0.1833
31.10.2018;0.1879
01.11.2018;0.1889
02.11.2018;0.1877
05.11.2018;0.1882
06.11.2018;0.1896
07.11.2018;0.1908
08.11.2018;0.1882
09.11.2018;0.1882
12.11.2018;0.1882
13.11.2018;0.1862
14.11.2018;0.1785
15.11.2018;0.1812
16.11.2018;0.1833
19.11.2018;0.1824
20.11.2018;0.1785
21.11.2018;0.1766
22.11.2018;0.1759
23.11.2018;0.178
26.11.2018;0.1742
27.11.2018;0.1768
28.11.2018;0.1771
29.11.2018;0.1792
30.11.2018;0.1792
03.12.2018;0.1804
04.12.2018;0.1819
05.12.2018;0.1804
06.12.2018;0.1744
07.12.2018;0.1766
10.12.2018;0.1742
11.12.2018;0.1732
12.12.2018;0.1725
13.12.2018;0.1727
14.12.2018;0.1732
17.12.2018;0.1693
18.12.2018;0.1674
19.12.2018;0.1457
20.12.2018;0.1443
21.12.2018;0.1351
24.12.2018;0.1493
25.12.2018;0.1493
26.12.2018;0.1493
27.12.2018;0.1467
28.12.2018;0.1457
31.12.2018;0.1443
01.01.2019;0.1443
02.01.2019;0.1443
03.01.2019;0.1445
04.01.2019;0.151
07.01.2019;0.151
08.01.2019;0.1455
09.01.2019;0.1445
10.01.2019;0.1445
11.01.2019;0.1404
14.01.2019;0.1361
15.01.2019;0.1493
16.01.2019;0.1467
17.01.2019;0.1493
18.01.2019;0.152
21.01.2019;0.1496
22.01.2019;0.152
23.01.2019;0.1529
24.01.2019;0.1529
25.01.2019;0.1549
28.01.2019;0.1551
29.01.2019;0.1534
30.01.2019;0.1585
31.01.2019;0.1554
01.02.2019;0.1592
04.02.2019;0.1611
05.02.2019;0.1628
06.02.2019;0.164
07.02.2019;0.1645
08.02.2019;0.1633
11.02.2019;0.1585
12.02.2019;0.1662
13.02.2019;0.1689
14.02.2019;0.1681
15.02.2019;0.1674
18.02.2019;0.1684
19.02.2019;0.1674
20.02.2019;0.1665
21.02.2019;0.1681
22.02.2019;0.1657
25.02.2019;0.1674
26.02.2019;0.1665
27.02.2019;0.1638
28.02.2019;0.1645
01.03.2019;0.164
04.03.2019;0.1677
05.03.2019;0.1713
06.03.2019;0.1706
07.03.2019;0.1689
08.03.2019;0.1657
11.03.2019;0.1686
12.03.2019;0.1689
13.03.2019;0.1684
14.03.2019;0.1718
15.03.2019;0.1718
18.03.2019;0.1737
19.03.2019;0.1756
20.03.2019;0.1773
21.03.2019;0.1773
22.03.2019;0.1766
25.03.2019;0.1737
26.03.2019;0.1747
27.03.2019;0.1761
28.03.2019;0.1761
29.03.2019;0.1722
01.04.2019;0.1751
02.04.2019;0.1747
03.04.2019;0.1742
04.04.2019;0.1751
05.04.2019;0.1756
08.04.2019;0.1754
09.04.2019;0.1771
10.04.2019;0.1768
11.04.2019;0.1775
12.04.2019;0.1768
15.04.2019;0.1773
16.04.2019;0.1766
17.04.2019;0.1763
18.04.2019;0.1766
19.04.2019;0.1771
22.04.2019;0.1826
23.04.2019;0.1833
24.04.2019;0.1831
25.04.2019;0.1833
26.04.2019;0.1833
29.04.2019;0.1833
30.04.2019;0.1845
01.05.2019;0.1845
02.05.2019;0.1833
03.05.2019;0.1833
06.05.2019;0.185
07.05.2019;0.186
08.05.2019;0.185
09.05.2019;0.187
10.05.2019;0.186
13.05.2019;0.1804
14.05.2019;0.1814
15.05.2019;0.1831
16.05.2019;0.1838
17.05.2019;0.1836
20.05.2019;0.1838
21.05.2019;0.1833
22.05.2019;0.1865
23.05.2019;0.1865
24.05.2019;0.1911
27.05.2019;0.1916
28.05.2019;0.2023
29.05.2019;0.2
30.05.2019;0.1963
31.05.2019;0.1997
03.06.2019;0.1984
04.06.2019;0.1984
05.06.2019;0.2
06.06.2019;0.2026
07.06.2019;0.2039
10.06.2019;0.2039
11.06.2019;0.2052
12.06.2019;0.2046
13.06.2019;0.1958
14.06.2019;0.1994
17.06.2019;0.1994
18.06.2019;0.2031
19.06.2019;0.2052
20.06.2019;0.2054
21.06.2019;0.2057
24.06.2019;0.1997
25.06.2019;0.2
26.06.2019;0.2
27.06.2019;0.2031
28.06.2019;0.2052
01.07.2019;0.2057
02.07.2019;0.2031
03.07.2019;0.2052
04.07.2019;0.2052
05.07.2019;0.2059
08.07.2019;0.2052
09.07.2019;0.2046
10.07.2019;0.2
11.07.2019;0.2044
12.07.2019;0.2114
15.07.2019;0.2171
16.07.2019;0.2129
17.07.2019;0.2135
18.07.2019;0.2127
19.07.2019;0.2119
22.07.2019;0.2116
23.07.2019;0.2124
24.07.2019;0.2015
25.07.2019;0.2046
26.07.2019;0.2036
29.07.2019;0.2046
30.07.2019;0.2046
31.07.2019;0.2166
01.08.2019;0.2093
02.08.2019;0.2083
05.08.2019;0.2059
06.08.2019;0.2067
07.08.2019;0.2072
08.08.2019;0.2096
09.08.2019;0.2103
12.08.2019;0.2098
13.08.2019;0.2103
14.08.2019;0.2103
15.08.2019;0.2103
16.08.2019;0.2085
19.08.2019;0.2088
20.08.2019;0.209
21.08.2019;0.2116
22.08.2019;0.2129
23.08.2019;0.2109
26.08.2019;0.2085
27.08.2019;0.2153
28.08.2019;0.2148
29.08.2019;0.2135
30.08.2019;0.2145
02.09.2019;0.2145
03.09.2019;0.2158
04.09.2019;0.2155
05.09.2019;0.2161
06.09.2019;0.2148
09.09.2019;0.215
10.09.2019;0.215
11.09.2019;0.2129
12.09.2019;0.2114
13.09.2019;0.2129
16.09.2019;0.2153
17.09.2019;0.2145
18.09.2019;0.215
19.09.2019;0.2148
20.09.2019;0.2171
23.09.2019;0.2163
24.09.2019;0.2176
25.09.2019;0.2179
26.09.2019;0.2189
27.09.2019;0.2192
30.09.2019;0.2194
01.10.2019;0.2179
02.10.2019;0.2135
03.10.2019;0.2109
04.10.2019;0.2127
07.10.2019;0.2166
08.10.2019;0.2155
09.10.2019;0.2155
10.10.2019;0.2155
11.10.2019;0.2158
14.10.2019;0.2158
15.10.2019;0.2181
16.10.2019;0.2168
17.10.2019;0.2174
18.10.2019;0.2145
21.10.2019;0.2166
22.10.2019;0.2218
23.10.2019;0.2215
24.10.2019;0.2218
25.10.2019;0.2228
28.10.2019;0.2233
29.10.2019;0.227
30.10.2019;0.2223
31.10.2019;0.2187
01.11.2019;0.2205
04.11.2019;0.2228
05.11.2019;0.2244
06.11.2019;0.2244
07.11.2019;0.2244
08.11.2019;0.2249
11.11.2019;0.2251
12.11.2019;0.2254
13.11.2019;0.2244
14.11.2019;0.2241
15.11.2019;0.2236
18.11.2019;0.2244
19.11.2019;0.2246
20.11.2019;0.2264
21.11.2019;0.2264
22.11.2019;0.2264
25.11.2019;0.2264
26.11.2019;0.227
27.11.2019;0.2285
28.11.2019;0.2298
29.11.2019;0.2293
02.12.2019;0.2288
03.12.2019;0.2285
04.12.2019;0.2298
05.12.2019;0.2285
06.12.2019;0.2293
09.12.2019;0.2285
10.12.2019;0.2277
11.12.2019;0.2275
12.12.2019;0.2264
13.12.2019;0.2296
16.12.2019;0.2298
17.12.2019;0.2296
18.12.2019;0.2296
19.12.2019;0.2293
20.12.2019;0.2288
23.12.2019;0.2285
24.12.2019;0.2285
25.12.2019;0.2285
26.12.2019;0.2285
27.12.2019;0.2322
30.12.2019;0.2322
31.12.2019;0.2322
01.01.2020;0.2322
02.01.2020;0.2322
03.01.2020;0.2322
06.01.2020;0.2332
07.01.2020;0.2337
08.01.2020;0.2332
09.01.2020;0.2337
10.01.2020;0.2327
13.01.2020;0.2327
14.01.2020;0.2327
15.01.2020;0.2324
16.01.2020;0.2306
17.01.2020;0.2311
20.01.2020;0.2327
21.01.2020;0.2316
22.01.2020;0.2322
23.01.2020;0.2332
24.01.2020;0.2332
27.01.2020;0.2259
28.01.2020;0.2231
29.01.2020;0.2225
30.01.2020;0.2168
31.01.2020;0.2181
03.02.2020;0.2174
04.02.2020;0.2181
05.02.2020;0.22
06.02.2020;0.2233
07.02.2020;0.2189
10.02.2020;0.2189
11.02.2020;0.2181
12.02.2020;0.2207
13.02.2020;0.2207
14.02.2020;0.2207
17.02.2020;0.2197
18.02.2020;0.2207
19.02.2020;0.222
20.02.2020;0.2197
21.02.2020;0.2176
24.02.2020;0.2088
25.02.2020;0.2041
26.02.2020;0.2031
27.02.2020;0.1997
28.02.2020;0.1844
02.03.2020;0.1929
03.03.2020;0.2026
04.03.2020;0.2098
05.03.2020;0.2
06.03.2020;0.1968
09.03.2020;0.1696
10.03.2020;0.1675
11.03.2020;0.1576
12.03.2020;0.1532
13.03.2020;0.1548
16.03.2020;0.1449
17.03.2020;0.1462
18.03.2020;0.142
19.03.2020;0.1454
20.03.2020;0.1527
23.03.2020;0.1433
24.03.2020;0.1483
25.03.2020;0.1532
26.03.2020;0.1532
27.03.2020;0.1527
30.03.2020;0.1493
31.03.2020;0.1506
01.04.2020;0.1483
02.04.2020;0.161
03.04.2020;0.161
06.04.2020;0.1641
07.04.2020;0.1706
08.04.2020;0.1667
09.04.2020;0.1672
10.04.2020;0.1706
13.04.2020;0.1706
14.04.2020;0.1693
15.04.2020;0.1592
16.04.2020;0.1641
17.04.2020;0.1641
20.04.2020;0.1641
21.04.2020;0.1558
22.04.2020;0.1579
23.04.2020;0.16
24.04.2020;0.1597
27.04.2020;0.1633
28.04.2020;0.1657
29.04.2020;0.1696
30.04.2020;0.1662
01.05.2020;0.1662
04.05.2020;0.1659
05.05.2020;0.1667
06.05.2020;0.1688
07.05.2020;0.1737
08.05.2020;0.1841
11.05.2020;0.187
12.05.2020;0.1896
13.05.2020;0.1913
14.05.2020;0.187
15.05.2020;0.1882
18.05.2020;0.1927
19.05.2020;0.1964
20.05.2020;0.1955
21.05.2020;0.1944
22.05.2020;0.1944
25.05.2020;0.1944
26.05.2020;0.1947
27.05.2020;0.1927
28.05.2020;0.1952
29.05.2020;0.1952
01.06.2020;0.1952
02.06.2020;0.1947
03.06.2020;0.1947
04.06.2020;0.195
05.06.2020;0.1927
08.06.2020;0.1927
09.06.2020;0.1927
10.06.2020;0.1907
11.06.2020;0.1845
12.06.2020;0.1899
15.06.2020;0.1873
16.06.2020;0.1873
17.06.2020;0.1873
18.06.2020;0.1882
19.06.2020;0.1884
22.06.2020;0.1859
23.06.2020;0.1873
24.06.2020;0.1873
25.06.2020;0.1828
26.06.2020;0.1816
29.06.2020;0.1839
30.06.2020;0.1839
01.07.2020;0.1845
02.07.2020;0.1845
03.07.2020;0.1845
06.07.2020;0.1845
07.07.2020;0.1819
08.07.2020;0.1839
09.07.2020;0.1845
10.07.2020;0.1828
13.07.2020;0.1839
14.07.2020;0.1808
15.07.2020;0.1805
16.07.2020;0.1828
17.07.2020;0.1822
20.07.2020;0.1799
21.07.2020;0.1799
22.07.2020;0.1794
23.07.2020;0.1799
24.07.2020;0.1782
27.07.2020;0.1794
28.07.2020;0.1788
29.07.2020;0.1782
30.07.2020;0.1751
31.07.2020;0.1759
03.08.2020;0.1759
04.08.2020;0.1759
05.08.2020;0.1759
06.08.2020;0.1774
07.08.2020;0.1771
10.08.2020;0.1813
11.08.2020;0.187
12.08.2020;0.1862
13.08.2020;0.187
14.08.2020;0.1867
17.08.2020;0.1879
18.08.2020;0.189
19.08.2020;0.1904
20.08.2020;0.1896
21.08.2020;0.1896
24.08.2020;0.1899
25.08.2020;0.1907
26.08.2020;0.1924
27.08.2020;0.1958
28.08.2020;0.1961
31.08.2020;0.2038
01.09.2020;0.2069
02.09.2020;0.2055
03.09.2020;0.2077
04.09.2020;0.2094
07.09.2020;0.2072
08.09.2020;0.2066
09.09.2020;0.2072
10.09.2020;0.212
11.09.2020;0.2094
14.09.2020;0.21
15.09.2020;0.2106
16.09.2020;0.1981
17.09.2020;0.1967
18.09.2020;0.1947
21.09.2020;0.1901
22.09.2020;0.1918
23.09.2020;0.1927
24.09.2020;0.1913
25.09.2020;0.1882
28.09.2020;0.189
29.09.2020;0.1884
30.09.2020;0.1901
01.10.2020;0.185
02.10.2020;0.1833
05.10.2020;0.1862
06.10.2020;0.187
07.10.2020;0.1856
08.10.2020;0.1833
09.10.2020;0.1845
12.10.2020;0.1845
13.10.2020;0.1836
14.10.2020;0.1847
15.10.2020;0.1845
16.10.2020;0.185
19.10.2020;0.1864
20.10.2020;0.1853
21.10.2020;0.1845
22.10.2020;0.185
23.10.2020;0.187
26.10.2020;0.1864
27.10.2020;0.187
28.10.2020;0.1828
29.10.2020;0.1779
30.10.2020;0.1777
02.11.2020;0.1771
03.11.2020;0.1774
04.11.2020;0.1774
05.11.2020;0.1791
06.11.2020;0.1771
09.11.2020;0.191
10.11.2020;0.191
11.11.2020;0.1921
12.11.2020;0.1904
13.11.2020;0.1873
16.11.2020;0.1842
17.11.2020;0.1819
18.11.2020;0.1867
19.11.2020;0.1882
20.11.2020;0.193
23.11.2020;0.1987
24.11.2020;0.2038
25.11.2020;0.2032
26.11.2020;0.2026
27.11.2020;0.2018
02.12.2020;0.2026
03.12.2020;0.2049
04.12.2020;0.2072
07.12.2020;0.2043
08.12.2020;0.2035
09.12.2020;0.2038
10.12.2020;0.2043
11.12.2020;0.204
14.12.2020;0.2069
15.12.2020;0.2063
16.12.2020;0.2066
17.12.2020;0.2072
18.12.2020;0.2063
21.12.2020;0.2023
22.12.2020;0.206
23.12.2020;0.2049
28.12.2020;0.2063
29.12.2020;0.2077
30.12.2020;0.2063
04.01.2021;0.2097
05.01.2021;0.21
06.01.2021;0.2157
07.01.2021;0.2202
08.01.2021;0.2214
11.01.2021;0.2211
12.01.2021;0.2239
13.01.2021;0.2265
14.01.2021;0.2259
15.01.2021;0.2228
18.01.2021;0.2205
19.01.2021;0.225
20.01.2021;0.2236
21.01.2021;0.2253
22.01.2021;0.2253
25.01.2021;0.2248
26.01.2021;0.227
27.01.2021;0.2276
28.01.2021;0.2262
29.01.2021;0.2262
01.02.2021;0.2273
02.02.2021;0.227
03.02.2021;0.227
04.02.2021;0.2319
05.02.2021;0.2321
08.02.2021;0.2304
09.02.2021;0.2267
10.02.2021;0.227
11.02.2021;0.2219
12.02.2021;0.2185
15.02.2021;0.2216
16.02.2021;0.2231
17.02.2021;0.2168
18.02.2021;0.2174
19.02.2021;0.2137
22.02.2021;0.2106
23.02.2021;0.2097
24.02.2021;0.2106
25.02.2021;0.2165
26.02.2021;0.2128
01.03.2021;0.2179
02.03.2021;0.2148
03.03.2021;0.2157
04.03.2021;0.2168
05.03.2021;0.2256
08.03.2021;0.227
09.03.2021;0.2265
10.03.2021;0.2265
11.03.2021;0.2302
12.03.2021;0.2302
15.03.2021;0.2307
16.03.2021;0.2324
17.03.2021;0.231
18.03.2021;0.2358
19.03.2021;0.2358
22.03.2021;0.2358
23.03.2021;0.2327
24.03.2021;0.2319
25.03.2021;0.2355
26.03.2021;0.2361
29.03.2021;0.2361
30.03.2021;0.2389
31.03.2021;0.2441
01.04.2021;0.248
02.04.2021;0.2469
05.04.2021;0.2469
06.04.2021;0.2469
07.04.2021;0.248
08.04.2021;0.2475
09.04.2021;0.2494
12.04.2021;0.2483
13.04.2021;0.2477
14.04.2021;0.2469
15.04.2021;0.2469
16.04.2021;0.2469
19.04.2021;0.2469
20.04.2021;0.248
21.04.2021;0.2458
22.04.2021;0.2469
23.04.2021;0.2509
26.04.2021;0.2483
27.04.2021;0.2534
28.04.2021;0.2577
29.04.2021;0.2517
04.05.2021;0.2546
05.05.2021;0.2588
06.05.2021;0.2574
07.05.2021;0.2622
10.05.2021;0.2656
11.05.2021;0.267
12.05.2021;0.2685
13.05.2021;0.266
14.05.2021;0.2654
17.05.2021;0.2657
18.05.2021;0.2669
19.05.2021;0.266
20.05.2021;0.2639
21.05.2021;0.2618
24.05.2021;0.2609
25.05.2021;0.2557
26.05.2021;0.2551
27.05.2021;0.2433
28.05.2021;0.2445
31.05.2021;0.2487
02.06.2021;0.2508
03.06.2021;0.2478
04.06.2021;0.2463
07.06.2021;0.2414
08.06.2021;0.2399
09.06.2021;0.2426
10.06.2021;0.2436
11.06.2021;0.2496
14.06.2021;0.2521
15.06.2021;0.2548
16.06.2021;0.2563
17.06.2021;0.2551
18.06.2021;0.2515
22.06.2021;0.2436
23.06.2021;0.2502
24.06.2021;0.2551
25.06.2021;0.2606
28.06.2021;0.2633
29.06.2021;0.2606
30.06.2021;0.2581
01.07.2021;0.2633
02.07.2021;0.2612
05.07.2021;0.2642
06.07.2021;0.2666
07.07.2021;0.2666
08.07.2021;0.2615
09.07.2021;0.2612
12.07.2021;0.2666
13.07.2021;0.2657
14.07.2021;0.266
15.07.2021;0.2648
16.07.2021;0.2666
19.07.2021;0.259
20.07.2021;0.2606
21.07.2021;0.2642
22.07.2021;0.2606
23.07.2021;0.2615
26.07.2021;0.2618
27.07.2021;0.259
28.07.2021;0.2533
29.07.2021;0.2527
30.07.2021;0.2515
02.08.2021;0.2487
03.08.2021;0.2484
04.08.2021;0.2454
05.08.2021;0.2454
06.08.2021;0.246
09.08.2021;0.2463
10.08.2021;0.2521
11.08.2021;0.2539
12.08.2021;0.2542
13.08.2021;0.2566
16.08.2021;0.2578
17.08.2021;0.2539
18.08.2021;0.2524
19.08.2021;0.2493
20.08.2021;0.2545
23.08.2021;0.2624
24.08.2021;0.2697
25.08.2021;0.2794
26.08.2021;0.2794
27.08.2021;0.2764
30.08.2021;0.2794
31.08.2021;0.2672
01.09.2021;0.2733
02.09.2021;0.27
03.09.2021;0.2764
06.09.2021;0.2733
07.09.2021;0.2745
08.09.2021;0.2733
09.09.2021;0.2812
10.09.2021;0.2794
13.09.2021;0.28
14.09.2021;0.2852
15.09.2021;0.2846
16.09.2021;0.2855
17.09.2021;0.2882
20.09.2021;0.2758
21.09.2021;0.2788
22.09.2021;0.2803
23.09.2021;0.2815
24.09.2021;0.2794
27.09.2021;0.2794
28.09.2021;0.2818
29.09.2021;0.2794
30.09.2021;0.2776
01.10.2021;0.2794
04.10.2021;0.2809
05.10.2021;0.2812
06.10.2021;0.2812
07.10.2021;0.2833
08.10.2021;0.2906
11.10.2021;0.2928
12.10.2021;0.2915
13.10.2021;0.2949
14.10.2021;0.2922
15.10.2021;0.2915
18.10.2021;0.29
19.10.2021;0.2876
20.10.2021;0.2867
21.10.2021;0.2937
22.10.2021;0.2946
25.10.2021;0.2976
26.10.2021;0.2961
27.10.2021;0.2994
28.10.2021;0.3028
29.10.2021;0.2994
01.11.2021;0.3007
02.11.2021;0.3013
03.11.2021;0.3098
04.11.2021;0.3055
05.11.2021;0.3061
08.11.2021;0.3073
09.11.2021;0.3092
10.11.2021;0.3067
11.11.2021;0.2997
12.11.2021;0.297
15.11.2021;0.3
16.11.2021;0.2991
17.11.2021;0.2958
18.11.2021;0.2979
19.11.2021;0.2912
22.11.2021;0.2925
23.11.2021;0.2855
24.11.2021;0.2885
25.11.2021;0.2891
26.11.2021;0.2776
29.11.2021;0.2715
02.12.2021;0.2697
03.12.2021;0.2739
06.12.2021;0.2764
07.12.2021;0.2855
08.12.2021;0.2843
09.12.2021;0.2846
10.12.2021;0.2849
13.12.2021;0.277
14.12.2021;0.2776
15.12.2021;0.2745
16.12.2021;0.28
17.12.2021;0.2885
20.12.2021;0.2879
21.12.2021;0.2873
22.12.2021;0.2885
23.12.2021;0.2931
27.12.2021;0.2994
28.12.2021;0.2982
29.12.2021;0.2988
30.12.2021;0.3031
03.01.2022;0.3022
04.01.2022;0.3007
05.01.2022;0.3
06.01.2022;0.3073
07.01.2022;0.3037
10.01.2022;0.3007
11.01.2022;0.2991
12.01.2022;0.3049
13.01.2022;0.3013
14.01.2022;0.3031
17.01.2022;0.3007
18.01.2022;0.2949
19.01.2022;0.2855
20.01.2022;0.2855
21.01.2022;0.2767
25.01.2022;0.2721
26.01.2022;0.283
27.01.2022;0.283
28.01.2022;0.2824
31.01.2022;0.2867
01.02.2022;0.2943
02.02.2022;0.2949
03.02.2022;0.2897
04.02.2022;0.2906
07.02.2022;0.2912
08.02.2022;0.2885
09.02.2022;0.2827
10.02.2022;0.2836
11.02.2022;0.2809
14.02.2022;0.2806
15.02.2022;0.2849
16.02.2022;0.2846
17.02.2022;0.2812
18.02.2022;0.2849
21.02.2022;0.2788
22.02.2022;0.2815
23.02.2022;0.2849
24.02.2022;0.2733
25.02.2022;0.2785
28.02.2022;0.2803
01.03.2022;0.2803
02.03.2022;0.2751
03.03.2022;0.2718
04.03.2022;0.259
07.03.2022;0.2569
08.03.2022;0.2609
09.03.2022;0.2639
10.03.2022;0.2627
11.03.2022;0.2706
14.03.2022;0.2761
15.03.2022;0.2751
16.03.2022;0.2773
17.03.2022;0.2794
18.03.2022;0.2867
21.03.2022;0.284
22.03.2022;0.2885
23.03.2022;0.2855
24.03.2022;0.2852
25.03.2022;0.2836
28.03.2022;0.2855
29.03.2022;0.2897
30.03.2022;0.2861
31.03.2022;0.2855
01.04.2022;0.2861
04.04.2022;0.2873
05.04.2022;0.2873
06.04.2022;0.2873
07.04.2022;0.2849
08.04.2022;0.2852
11.04.2022;0.2846
12.04.2022;0.2843
13.04.2022;0.2858
14.04.2022;0.2855
15.04.2022;0.2894
18.04.2022;0.2931
19.04.2022;0.2891
20.04.2022;0.2885
21.04.2022;0.2903
26.04.2022;0.284
27.04.2022;0.2873
28.04.2022;0.2909
29.04.2022;0.2915
02.05.2022;0.2885
03.05.2022;0.2873
04.05.2022;0.2885
05.05.2022;0.2873
06.05.2022;0.2836
09.05.2022;0.2855
10.05.2022;0.2824
11.05.2022;0.2861
12.05.2022;0.2848
13.05.2022;0.2891
16.05.2022;0.2904
17.05.2022;0.2861
18.05.2022;0.2881
19.05.2022;0.2875
20.05.2022;0.293
23.05.2022;0.294
24.05.2022;0.2933
25.05.2022;0.2933
26.05.2022;0.295
27.05.2022;0.2963
30.05.2022;0.2966
31.05.2022;0.3038
02.06.2022;0.3038
03.06.2022;0.2973
06.06.2022;0.3005
07.06.2022;0.3012
08.06.2022;0.3012
09.06.2022;0.3012
10.06.2022;0.2999
14.06.2022;0.3012
15.06.2022;0.313
16.06.2022;0.3133
17.06.2022;0.3143
20.06.2022;0.3107
21.06.2022;0.313
22.06.2022;0.313
23.06.2022;0.3117
24.06.2022;0.3143
27.06.2022;0.3172
28.06.2022;0.3195
29.06.2022;0.3199
30.06.2022;0.3192
01.07.2022;0.3208
04.07.2022;0.3238
05.07.2022;0.3319
06.07.2022;0.3343
07.07.2022;0.3326
08.07.2022;0.329
11.07.2022;0.3326
12.07.2022;0.3319
13.07.2022;0.3251
14.07.2022;0.329
15.07.2022;0.3379
18.07.2022;0.3425
19.07.2022;0.346
20.07.2022;0.3414
21.07.2022;0.3485
22.07.2022;0.352
25.07.2022;0.3552
26.07.2022;0.3545
27.07.2022;0.3651
28.07.2022;0.375
29.07.2022;0.375
01.08.2022;0.3743
02.08.2022;0.3715
03.08.2022;0.3736
04.08.2022;0.3743
05.08.2022;0.375
08.08.2022;0.3743
09.08.2022;0.3743
10.08.2022;0.3763
11.08.2022;0.3786
12.08.2022;0.3797
16.08.2022;0.3759
17.08.2022;0.3747
18.08.2022;0.3778
19.08.2022;0.3763
22.08.2022;0.3735
23.08.2022;0.3662
24.08.2022;0.367
25.08.2022;0.3681
26.08.2022;0.3697
29.08.2022;0.3677
30.08.2022;0.3689
31.08.2022;0.3666
01.09.2022;0.3558
02.09.2022;0.3519
05.09.2022;0.3569
06.09.2022;0.3604
07.09.2022;0.3592
08.09.2022;0.355
09.09.2022;0.3527
12.09.2022;0.3527
13.09.2022;0.3534
14.09.2022;0.3538
15.09.2022;0.3527
16.09.2022;0.3519
19.09.2022;0.3364
20.09.2022;0.3384
21.09.2022;0.3287
22.09.2022;0.3271
23.09.2022;0.3217
26.09.2022;0.314
27.09.2022;0.3094
28.09.2022;0.3063
29.09.2022;0.3082
30.09.2022;0.3233
03.10.2022;0.3364
04.10.2022;0.3403
05.10.2022;0.3337
06.10.2022;0.336
07.10.2022;0.3333
10.10.2022;0.3326
11.10.2022;0.3287
12.10.2022;0.3233
13.10.2022;0.3244
14.10.2022;0.3248
17.10.2022;0.3248
18.10.2022;0.3299
19.10.2022;0.3302
20.10.2022;0.3299
21.10.2022;0.3326
24.10.2022;0.3349
25.10.2022;0.3422
26.10.2022;0.3449
27.10.2022;0.3476
28.10.2022;0.3496
31.10.2022;0.3496
01.11.2022;0.3531
02.11.2022;0.3511
03.11.2022;0.3496
04.11.2022;0.3496
07.11.2022;0.3484
08.11.2022;0.35
09.11.2022;0.3473
10.11.2022;0.3473
11.11.2022;0.3488
14.11.2022;0.3511
15.11.2022;0.3503
16.11.2022;0.3465
17.11.2022;0.348
18.11.2022;0.3449
21.11.2022;0.3434
22.11.2022;0.3442
23.11.2022;0.3445
24.11.2022;0.3484
25.11.2022;0.35
28.11.2022;0.3465
29.11.2022;0.3581
02.12.2022;0.3534
05.12.2022;0.3592
06.12.2022;0.3666
07.12.2022;0.3619
08.12.2022;0.36
09.12.2022;0.3616
12.12.2022;0.3623
13.12.2022;0.3592
14.12.2022;0.3558
15.12.2022;0.3519
16.12.2022;0.355
19.12.2022;0.3538
20.12.2022;0.3531
21.12.2022;0.3527
22.12.2022;0.3538
23.12.2022;0.3527
27.12.2022;0.3527
28.12.2022;0.331
29.12.2022;0.3244
30.12.2022;0.3248
03.01.2023;0.3333
04.01.2023;0.3341
05.01.2023;0.3357
06.01.2023;0.3322
09.01.2023;0.3418
10.01.2023;0.3426
11.01.2023;0.3465
12.01.2023;0.3519
13.01.2023;0.3442
16.01.2023;0.3415
17.01.2023;0.3434
18.01.2023;0.3442
19.01.2023;0.3434
20.01.2023;0.343
23.01.2023;0.3461
25.01.2023;0.3465
26.01.2023;0.3476
27.01.2023;0.348
30.01.2023;0.3519
31.01.2023;0.3565
01.02.2023;0.3616
02.02.2023;0.3623
03.02.2023;0.3635
06.02.2023;0.3639
07.02.2023;0.3681
08.02.2023;0.3674
09.02.2023;0.3654
10.02.2023;0.3631
13.02.2023;0.3681
14.02.2023;0.3712
15.02.2023;0.3712
16.02.2023;0.3697
17.02.2023;0.367
20.02.2023;0.3685
21.02.2023;0.3666
22.02.2023;0.3654
23.02.2023;0.3689
24.02.2023;0.3705
27.02.2023;0.3674
28.02.2023;0.3681
01.03.2023;0.3689
02.03.2023;0.3685
03.03.2023;0.3685
06.03.2023;0.3743
07.03.2023;0.3743
08.03.2023;0.3844
09.03.2023;0.3875
10.03.2023;0.3851
13.03.2023;0.3766
14.03.2023;0.384
15.03.2023;0.3774
16.03.2023;0.3751
17.03.2023;0.379
20.03.2023;0.3708
21.03.2023;0.3631
22.03.2023;0.3558
23.03.2023;0.3604
24.03.2023;0.3558
27.03.2023;0.3619
28.03.2023;0.3619
29.03.2023;0.3565
30.03.2023;0.3542
31.03.2023;0.3561
03.04.2023;0.3619
04.04.2023;0.3683
05.04.2023;0.3712
06.04.2023;0.3735
07.04.2023;0.3752
10.04.2023;0.3777
11.04.2023;0.3827
12.04.2023;0.3782
13.04.2023;0.3783
18.04.2023;0.3842
19.04.2023;0.3851
20.04.2023;0.383
21.04.2023;0.3819
24.04.2023;0.3828
25.04.2023;0.3859
26.04.2023;0.3844
27.04.2023;0.3773
28.04.2023;0.3751
02.05.2023;0.3816
03.05.2023;0.3782
04.05.2023;0.374
05.05.2023;0.3759
08.05.2023;0.3811
09.05.2023;0.379
10.05.2023;0.3807
11.05.2023;0.3824
12.05.2023;0.3917
15.05.2023;0.3923
16.05.2023;0.3967
17.05.2023;0.3973
18.05.2023;0.3985
19.05.2023;0.4027
22.05.2023;0.4099
23.05.2023;0.4159
24.05.2023;0.4142
25.05.2023;0.4134
26.05.2023;0.4126
29.05.2023;0.4117
30.05.2023;0.4161
31.05.2023;0.4159
02.06.2023;0.4142
06.06.2023;0.4159
07.06.2023;0.4142
08.06.2023;0.4117
09.06.2023;0.4122
12.06.2023;0.4126
13.06.2023;0.4159
14.06.2023;0.4159
15.06.2023;0.4114
16.06.2023;0.4084
19.06.2023;0.4117
20.06.2023;0.4117
21.06.2023;0.4117
22.06.2023;0.4102
23.06.2023;0.4097
26.06.2023;0.406
27.06.2023;0.4101
28.06.2023;0.4142
29.06.2023;0.4243
30.06.2023;0.4184
03.07.2023;0.4268
04.07.2023;0.4318
05.07.2023;0.4565
06.07.2023;0.4456
07.07.2023;0.4477
10.07.2023;0.4389
11.07.2023;0.4515
12.07.2023;0.4473
13.07.2023;0.4477
14.07.2023;0.4511
17.07.2023;0.4519
18.07.2023;0.4603
19.07.2023;0.4603
20.07.2023;0.4628
21.07.2023;0.4603
24.07.2023;0.4599
25.07.2023;0.4611
26.07.2023;0.4586
27.07.2023;0.4603
28.07.2023;0.4582
31.07.2023;0.4519
01.08.2023;0.4565
02.08.2023;0.4582
03.08.2023;0.4502
04.08.2023;0.4469
07.08.2023;0.4481
08.08.2023;0.4502
09.08.2023;0.4473
10.08.2023;0.4456
11.08.2023;0.446
14.08.2023;0.4477
16.08.2023;0.4385
17.08.2023;0.431
18.08.2023;0.4297
21.08.2023;0.431
22.08.2023;0.4402
23.08.2023;0.4368
24.08.2023;0.4427
25.08.2023;0.4423
28.08.2023;0.4494
29.08.2023;0.4553
30.08.2023;0.4594
31.08.2023;0.4452
01.09.2023;0.4532
04.09.2023;0.4594
05.09.2023;0.4603
06.09.2023;0.4649
07.09.2023;0.4645
08.09.2023;0.472
11.09.2023;0.4779
12.09.2023;0.4845
13.09.2023;0.4812
14.09.2023;0.4854
15.09.2023;0.4967
18.09.2023;0.4967
19.09.2023;0.4975
20.09.2023;0.503
21.09.2023;0.5017
22.09.2023;0.5021
25.09.2023;0.5017
26.09.2023;0.4996
27.09.2023;0.5132
28.09.2023;0.5141
29.09.2023;0.5159
02.10.2023;0.515
03.10.2023;0.5078
04.10.2023;0.4983
05.10.2023;0.4964
06.10.2023;0.4924
09.10.2023;0.4928
10.10.2023;0.5014
11.10.2023;0.5014
12.10.2023;0.4983
13.10.2023;0.5032
16.10.2023;0.5068
17.10.2023;0.4978
18.10.2023;0.4996
19.10.2023;0.5014
20.10.2023;0.4937
23.10.2023;0.5005
24.10.2023;0.5023
25.10.2023;0.5019
26.10.2023;0.5005
27.10.2023;0.4973
30.10.2023;0.4978
31.10.2023;0.4851
01.11.2023;0.4788
02.11.2023;0.4847
03.11.2023;0.4969
06.11.2023;0.4955
07.11.2023;0.5032
08.11.2023;0.496
09.11.2023;0.4933
10.11.2023;0.4924
13.11.2023;0.4987
14.11.2023;0.501
15.11.2023;0.4951
16.11.2023;0.501
17.11.2023;0.4978
20.11.2023;0.4946
21.11.2023;0.501
22.11.2023;0.4996
23.11.2023;0.5005
24.11.2023;0.5005
27.11.2023;0.4933
28.11.2023;0.4919
29.11.2023;0.4897
04.12.2023;0.4951
05.12.2023;0.4946
06.12.2023;0.4987
07.12.2023;0.4969
08.12.2023;0.5068
11.12.2023;0.5114
12.12.2023;0.5168
13.12.2023;0.5231
14.12.2023;0.5268
15.12.2023;0.5281
18.12.2023;0.525
19.12.2023;0.5277
20.12.2023;0.524
21.12.2023;0.5096
22.12.2023;0.5159
27.12.2023;0.5209
28.12.2023;0.5173
29.12.2023;0.52
03.01.2024;0.5132
04.01.2024;0.5141
05.01.2024;0.515
08.01.2024;0.5154
09.01.2024;0.5259
10.01.2024;0.5259
11.01.2024;0.5245
12.01.2024;0.525
15.01.2024;0.5236
16.01.2024;0.5222
17.01.2024;0.5159
18.01.2024;0.5195
19.01.2024;0.5195
22.01.2024;0.52
23.01.2024;0.5114
25.01.2024;0.5059
26.01.2024;0.5068
29.01.2024;0.5132
30.01.2024;0.5204
31.01.2024;0.525
01.02.2024;0.5317
02.02.2024;0.5317
05.02.2024;0.5295
06.02.2024;0.5231
07.02.2024;0.5295
08.02.2024;0.5304
09.02.2024;0.5354
12.02.2024;0.5367
13.02.2024;0.5331
14.02.2024;0.534
15.02.2024;0.534
16.02.2024;0.534
19.02.2024;0.5412
20.02.2024;0.539
21.02.2024;0.5539
22.02.2024;0.5634
23.02.2024;0.5548
26.02.2024;0.5593
27.02.2024;0.5458
28.02.2024;0.5517
29.02.2024;0.5584
01.03.2024;0.5598
04.03.2024;0.5621
05.03.2024;0.5698
06.03.2024;0.5702
07.03.2024;0.5698
08.03.2024;0.5811
11.03.2024;0.5747
12.03.2024;0.5761
13.03.2024;0.5793
14.03.2024;0.5829
15.03.2024;0.5811
18.03.2024;0.5897
19.03.2024;0.5883
20.03.2024;0.5901
21.03.2024;0.5965
22.03.2024;0.6127
25.03.2024;0.6064
26.03.2024;0.6069
27.03.2024;0.6109
28.03.2024;0.6064
29.03.2024;0.6096
01.04.2024;0.6114
02.04.2024;0.61
03.04.2024;0.6082
04.04.2024;0.6109
05.04.2024;0.6087
08.04.2024;0.6155
09.04.2024;0.62
10.04.2024;0.62
11.04.2024;0.6137
12.04.2024;0.6218
15.04.2024;0.62
16.04.2024;0.6146
17.04.2024;0.62
18.04.2024;0.6159
19.04.2024;0.6182
22.04.2024;0.6155
23.04.2024;0.6191
24.04.2024;0.6245
25.04.2024;0.6218
26.04.2024;0.6236
29.04.2024;0.6331
30.04.2024;0.6254
02.05.2024;0.639
07.05.2024;0.6381
08.05.2024;0.6336
09.05.2024;0.6404
10.05.2024;0.6408
13.05.2024;0.6399
14.05.2024;0.656
15.05.2024;0.6527
16.05.2024;0.6536
17.05.2024;0.6565
20.05.2024;0.6488
21.05.2024;0.6402
22.05.2024;0.6541
23.05.2024;0.6575
24.05.2024;0.6786
27.05.2024;0.6777
28.05.2024;0.6762
29.05.2024;0.6758
30.05.2024;0.6758
31.05.2024;0.6753
03.06.2024;0.6719
04.06.2024;0.6729
05.06.2024;0.6791
06.06.2024;0.6969
07.06.2024;0.7161
10.06.2024;0.6979
11.06.2024;0.708
12.06.2024;0.7171
13.06.2024;0.7253
14.06.2024;0.7209
17.06.2024;0.7209
18.06.2024;0.7209
19.06.2024;0.7305
20.06.2024;0.7329
21.06.2024;0.743
25.06.2024;0.7421
26.06.2024;0.7349
27.06.2024;0.7248
28.06.2024;0.7353
01.07.2024;0.7334
02.07.2024;0.7305
03.07.2024;0.7353
04.07.2024;0.7459
05.07.2024;0.7435
08.07.2024;0.7416
09.07.2024;0.7315
10.07.2024;0.7402
11.07.2024;0.7421
12.07.2024;0.7402
15.07.2024;0.7469
16.07.2024;0.7512
17.07.2024;0.7517
18.07.2024;0.7522
19.07.2024;0.7536
22.07.2024;0.7522
23.07.2024;0.7575
24.07.2024;0.7623
25.07.2024;0.7507
26.07.2024;0.7584
29.07.2024;0.7594
30.07.2024;0.7594
31.07.2024;0.7584
01.08.2024;0.7555
02.08.2024;0.7555
05.08.2024;0.7257
06.08.2024;0.7353
07.08.2024;0.7474
08.08.2024;0.744
09.08.2024;0.7535
12.08.2024;0.759
13.08.2024;0.757
14.08.2024;0.759
16.08.2024;0.7555
19.08.2024;0.76
20.08.2024;0.76
21.08.2024;0.7605
22.08.2024;0.7625
23.08.2024;0.7615
26.08.2024;0.763
27.08.2024;0.761
28.08.2024;0.759
29.08.2024;0.758
30.08.2024;0.755
02.09.2024;0.7595
03.09.2024;0.765
04.09.2024;0.753
05.09.2024;0.743
06.09.2024;0.718
09.09.2024;0.722
10.09.2024;0.723
11.09.2024;0.71
12.09.2024;0.7145
13.09.2024;0.724
16.09.2024;0.728
17.09.2024;0.7275
18.09.2024;0.7265
19.09.2024;0.729
20.09.2024;0.734
23.09.2024;0.73
24.09.2024;0.73
25.09.2024;0.73
26.09.2024;0.7205
27.09.2024;0.73
30.09.2024;0.729
01.10.2024;0.728
02.10.2024;0.724
03.10.2024;0.7245
04.10.2024;0.728
07.10.2024;0.73
08.10.2024;0.722
09.10.2024;0.73
10.10.2024;0.73
11.10.2024;0.73
14.10.2024;0.727
15.10.2024;0.727
16.10.2024;0.724
17.10.2024;0.7235
18.10.2024;0.7215
21.10.2024;0.729
22.10.2024;0.715
23.10.2024;0.7245
24.10.2024;0.727
25.10.2024;0.721
28.10.2024;0.712
29.10.2024;0.7375
30.10.2024;0.737
31.10.2024;0.739
01.11.2024;0.7385
04.11.2024;0.733
05.11.2024;0.7325
06.11.2024;0.7315
07.11.2024;0.7305
08.11.2024;0.732
11.11.2024;0.7435
12.11.2024;0.75
13.11.2024;0.7445
14.11.2024;0.745
15.11.2024;0.7415
18.11.2024;0.73
19.11.2024;0.7185
20.11.2024;0.722
21.11.2024;0.735
22.11.2024;0.7345
25.11.2024;0.7335
26.11.2024;0.729
27.11.2024;0.7305
28.11.2024;0.725
29.11.2024;0.713
02.12.2024;0.72
03.12.2024;0.7
04.12.2024;0.706
05.12.2024;0.7015
06.12.2024;0.7205
09.12.2024;0.7275
10.12.2024;0.738
11.12.2024;0.747
12.12.2024;0.7425
13.12.2024;0.748
16.12.2024;0.734
17.12.2024;0.735
18.12.2024;0.7175
19.12.2024;0.7015
20.12.2024;0.7105
23.12.2024;0.7155
27.12.2024;0.718
30.12.2024;0.709
